open_time,actual_range,predicted_range,baseline_range,model_error,baseline_error,hour_of_day,date,model_wins
2026-06-29 19:00:00-03:00,0.0030736700054646536,0.004589804742173312,0.00275051609457865,0.0015161347367086582,0.0003231539108860034,19,2026-06-29,0
2026-06-29 20:00:00-03:00,0.009635012929073023,0.004411533584015536,0.0030736700054646536,0.005223479345057487,0.00656134292360837,20,2026-06-29,1
2026-06-29 21:00:00-03:00,0.0046376422799222555,0.006931717996451998,0.009635012929073023,0.0022940757165297422,0.004997370649150768,21,2026-06-29,1
2026-06-29 22:00:00-03:00,0.00479647108905951,0.0060481381897953095,0.0046376422799222555,0.0012516671007357996,0.00015882880913725434,22,2026-06-29,0
2026-06-29 23:00:00-03:00,0.007240788978504542,0.004485425176084887,0.00479647108905951,0.0027553638024196553,0.002444317889445032,23,2026-06-29,0
2026-06-30 00:00:00-03:00,0.004481946399188722,0.006173313588826558,0.007240788978504542,0.0016913671896378367,0.00275884257931582,0,2026-06-30,1
2026-06-30 01:00:00-03:00,0.004977022614280486,0.005708744035666688,0.004481946399188722,0.0007317214213862023,0.0004950762150917644,1,2026-06-30,0
2026-06-30 02:00:00-03:00,0.003342059336823671,0.004626448569308524,0.004977022614280486,0.001284389232484853,0.001634963277456815,2,2026-06-30,1
2026-06-30 03:00:00-03:00,0.003158389362544627,0.0051766463922246625,0.003342059336823671,0.0020182570296800356,0.00018366997427904418,3,2026-06-30,0
2026-06-30 04:00:00-03:00,0.006103832079622424,0.005291687669406393,0.003158389362544627,0.0008121444102160312,0.0029454427170777973,4,2026-06-30,1
2026-06-30 05:00:00-03:00,0.0028294755903835555,0.005777311576848338,0.006103832079622424,0.002947835986464782,0.0032743564892388686,5,2026-06-30,1
2026-06-30 06:00:00-03:00,0.0022523338638328915,0.004862993907173028,0.0028294755903835555,0.0026106600433401365,0.000577141726550664,6,2026-06-30,0
2026-06-30 07:00:00-03:00,0.004903645213007597,0.004608639972991735,0.0022523338638328915,0.00029500524001586145,0.002651311349174705,7,2026-06-30,1
2026-06-30 08:00:00-03:00,0.013510922413202717,0.0055446094524597206,0.004903645213007597,0.007966312960742995,0.008607277200195121,8,2026-06-30,1
2026-06-30 09:00:00-03:00,0.009777963463686914,0.010548750642166172,0.013510922413202717,0.0007707871784792576,0.0037329589495158026,9,2026-06-30,1
2026-06-30 10:00:00-03:00,0.014424751478254868,0.009449012226284017,0.009777963463686914,0.00497573925197085,0.004646788014567953,10,2026-06-30,0
2026-06-30 11:00:00-03:00,0.010191499124987005,0.007958722194123698,0.014424751478254868,0.002232776930863307,0.004233252353267863,11,2026-06-30,1
2026-06-30 12:00:00-03:00,0.006670524371491831,0.00789145037127455,0.010191499124987005,0.0012209259997827196,0.003520974753495174,12,2026-06-30,1
2026-06-30 13:00:00-03:00,0.005271150205613037,0.0072464850389341385,0.006670524371491831,0.001975334833321102,0.0013993741658787943,13,2026-06-30,0
2026-06-30 14:00:00-03:00,0.005937539780852014,0.00540199300696958,0.005271150205613037,0.0005355467738824334,0.000666389575238977,14,2026-06-30,1
2026-06-30 15:00:00-03:00,0.004303950913027573,0.0046978839282762275,0.005937539780852014,0.0003939330152486547,0.0016335888678244408,15,2026-06-30,1
2026-06-30 16:00:00-03:00,0.0038604161512605464,0.0050679411712083455,0.004303950913027573,0.0012075250199477991,0.0004435347617670264,16,2026-06-30,0
2026-06-30 17:00:00-03:00,0.004434004848909457,0.005059288599804202,0.0038604161512605464,0.0006252837508947456,0.0005735886976489103,17,2026-06-30,0
2026-06-30 18:00:00-03:00,0.005001195229524176,0.004641081878181179,0.004434004848909457,0.0003601133513429968,0.000567190380614719,18,2026-06-30,1
2026-06-30 19:00:00-03:00,0.0018592842506171886,0.003889670978805084,0.005001195229524176,0.0020303867281878953,0.003141910978906987,19,2026-06-30,1
2026-06-30 20:00:00-03:00,0.0075232177000819495,0.003502024684400361,0.0018592842506171886,0.004021193015681589,0.005663933449464761,20,2026-06-30,1
2026-06-30 21:00:00-03:00,0.02080326939146575,0.00610594225594222,0.0075232177000819495,0.014697327135523531,0.013280051691383802,21,2026-06-30,0
2026-06-30 22:00:00-03:00,0.008592366929000598,0.009816025327924811,0.02080326939146575,0.0012236583989242138,0.012210902462465154,22,2026-06-30,1
2026-06-30 23:00:00-03:00,0.007905788675903714,0.006395460224452936,0.008592366929000598,0.0015103284514507778,0.0006865782530968839,23,2026-06-30,0
2026-07-01 00:00:00-03:00,0.006656556564974143,0.00610930588846118,0.007905788675903714,0.0005472506765129628,0.0012492321109295705,0,2026-07-01,1
2026-07-01 01:00:00-03:00,0.0042272476080788155,0.005195453482713663,0.006656556564974143,0.0009682058746348478,0.0024293089568953275,1,2026-07-01,1
2026-07-01 02:00:00-03:00,0.010580912863070578,0.005664029054000789,0.0042272476080788155,0.004916883809069789,0.006353665254991763,2,2026-07-01,1
2026-07-01 03:00:00-03:00,0.0038098544036659246,0.005892153813560439,0.010580912863070578,0.0020822994098945147,0.006771058459404653,3,2026-07-01,1
2026-07-01 04:00:00-03:00,0.008207007869062278,0.005132387220677905,0.0038098544036659246,0.0030746206483843724,0.0043971534653963525,4,2026-07-01,1
2026-07-01 05:00:00-03:00,0.0045191625010284646,0.005654771350364228,0.008207007869062278,0.0011356088493357638,0.003687845368033813,5,2026-07-01,1
2026-07-01 06:00:00-03:00,0.005531369086726609,0.0052855211653879824,0.0045191625010284646,0.0002458479213386265,0.0010122065856981444,6,2026-07-01,1
2026-07-01 07:00:00-03:00,0.003512331456280198,0.005695302336890865,0.005531369086726609,0.002182970880610667,0.002019037630446411,7,2026-07-01,0
2026-07-01 08:00:00-03:00,0.005979021152239374,0.007611050434403288,0.003512331456280198,0.0016320292821639139,0.002466689695959176,8,2026-07-01,1
2026-07-01 09:00:00-03:00,0.016336675348746842,0.009138660525279155,0.005979021152239374,0.007198014823467687,0.010357654196507467,9,2026-07-01,1
2026-07-01 10:00:00-03:00,0.01367102213563535,0.010451489813514354,0.016336675348746842,0.0032195323221209955,0.0026656532131114925,10,2026-07-01,0
2026-07-01 11:00:00-03:00,0.016892570969696832,0.010599378192205324,0.01367102213563535,0.006293192777491508,0.0032215488340614825,11,2026-07-01,0
2026-07-01 12:00:00-03:00,0.006699265687583416,0.009161675131071906,0.016892570969696832,0.0024624094434884903,0.010193305282113416,12,2026-07-01,1
2026-07-01 13:00:00-03:00,0.007517619030213986,0.009780909158239185,0.006699265687583416,0.0022632901280251983,0.0008183533426305706,13,2026-07-01,0
2026-07-01 14:00:00-03:00,0.004679982902107895,0.006321743624915916,0.007517619030213986,0.0016417607228080208,0.002837636128106091,14,2026-07-01,1
2026-07-01 15:00:00-03:00,0.0058793573137635785,0.005408632180349475,0.004679982902107895,0.0004707251334141035,0.001199374411655683,15,2026-07-01,1
2026-07-01 16:00:00-03:00,0.0053554202840701195,0.005523468201849421,0.0058793573137635785,0.0001680479177793015,0.000523937029693459,16,2026-07-01,1
2026-07-01 17:00:00-03:00,0.011872864356890313,0.005575778690500507,0.0053554202840701195,0.006297085666389806,0.006517444072820193,17,2026-07-01,1
2026-07-01 18:00:00-03:00,0.016452260912685455,0.006270676620194294,0.011872864356890313,0.01018158429249116,0.004579396555795142,18,2026-07-01,0
2026-07-01 19:00:00-03:00,0.008215713714514185,0.00812135850377511,0.016452260912685455,9.435521073907459e-05,0.00823654719817127,19,2026-07-01,1
2026-07-01 20:00:00-03:00,0.007362571331184689,0.007938778340320628,0.008215713714514185,0.000576207009135939,0.0008531423833294961,20,2026-07-01,1
2026-07-01 21:00:00-03:00,0.010123484609790678,0.00801209996179031,0.007362571331184689,0.0021113846480003678,0.0027609132786059892,21,2026-07-01,1
2026-07-01 22:00:00-03:00,0.00793669970590714,0.00538973372630415,0.010123484609790678,0.00254696597960299,0.002186784903883538,22,2026-07-01,0
2026-07-01 23:00:00-03:00,0.013458678633430542,0.0055642515463397236,0.00793669970590714,0.00789442708709082,0.005521978927523402,23,2026-07-01,0
2026-07-02 00:00:00-03:00,0.005428704819604138,0.007977814639184004,0.013458678633430542,0.0025491098195798657,0.008029973813826405,0,2026-07-02,1
2026-07-02 01:00:00-03:00,0.006440673708121776,0.006376852821117735,0.005428704819604138,6.382088700404055e-05,0.0010119688885176373,1,2026-07-02,1
2026-07-02 02:00:00-03:00,0.006515909593537877,0.006488573687517764,0.006440673708121776,2.733590602011296e-05,7.523588541610143e-05,2,2026-07-02,1
2026-07-02 03:00:00-03:00,0.0035233588567512696,0.006664346764960639,0.006515909593537877,0.0031409879082093693,0.0029925507367866075,3,2026-07-02,0
2026-07-02 04:00:00-03:00,0.006982913634140864,0.005265238835818378,0.0035233588567512696,0.001717674798322486,0.0034595547773895946,4,2026-07-02,1
2026-07-02 05:00:00-03:00,0.017347018828451893,0.00586637753326362,0.006982913634140864,0.011480641295188273,0.010364105194311028,5,2026-07-02,0
2026-07-02 06:00:00-03:00,0.004879399996866011,0.007965901072806768,0.017347018828451893,0.0030865010759407573,0.012467618831585882,6,2026-07-02,1
2026-07-02 07:00:00-03:00,0.004276866215185242,0.006220512641888712,0.004879399996866011,0.0019436464267034706,0.0006025337816807693,7,2026-07-02,0
2026-07-02 08:00:00-03:00,0.007584511069011898,0.007929400553137645,0.004276866215185242,0.00034488948412574657,0.0033076448538266563,8,2026-07-02,1
2026-07-02 09:00:00-03:00,0.008831263771605114,0.011314007123605621,0.007584511069011898,0.0024827433520005077,0.0012467527025932157,9,2026-07-02,0
2026-07-02 10:00:00-03:00,0.013055984761561487,0.013091962037602966,0.008831263771605114,3.597727604147914e-05,0.004224720989956373,10,2026-07-02,1
2026-07-02 11:00:00-03:00,0.006873070311702449,0.013363693007362416,0.013055984761561487,0.006490622695659967,0.006182914449859038,11,2026-07-02,0
2026-07-02 12:00:00-03:00,0.011042706875257966,0.007351710682249642,0.006873070311702449,0.003690996193008324,0.004169636563555517,12,2026-07-02,1
2026-07-02 13:00:00-03:00,0.005557880753506804,0.00838844426448159,0.011042706875257966,0.0028305635109747854,0.005484826121751162,13,2026-07-02,1
2026-07-02 14:00:00-03:00,0.0038195402432848217,0.006289868595241528,0.005557880753506804,0.002470328351956706,0.0017383405102219824,14,2026-07-02,0
2026-07-02 15:00:00-03:00,0.005527199266097985,0.005011196177674879,0.0038195402432848217,0.0005160030884231058,0.001707659022813163,15,2026-07-02,1
2026-07-02 16:00:00-03:00,0.004124395670488715,0.006518468286070826,0.005527199266097985,0.002394072615582111,0.0014028035956092696,16,2026-07-02,0
2026-07-02 17:00:00-03:00,0.0022312868532507217,0.005260446768862141,0.004124395670488715,0.003029159915611419,0.0018931088172379935,17,2026-07-02,0
2026-07-02 18:00:00-03:00,0.003096708612312122,0.0039022276396218207,0.0022312868532507217,0.0008055190273096985,0.0008654217590614004,18,2026-07-02,1
2026-07-02 19:00:00-03:00,0.004158219623131956,0.0032262122216947377,0.003096708612312122,0.0009320074014372184,0.001061511010819834,19,2026-07-02,1
2026-07-02 20:00:00-03:00,0.0053685648459640654,0.005125360397708252,0.004158219623131956,0.000243204448255813,0.0012103452228321094,20,2026-07-02,1
2026-07-02 21:00:00-03:00,0.007259693446775356,0.00568726678628686,0.0053685648459640654,0.0015724266604884955,0.0018911286008112902,21,2026-07-02,1
2026-07-02 22:00:00-03:00,0.006032225580692494,0.005133853127676853,0.007259693446775356,0.0008983724530156403,0.001227467866082862,22,2026-07-02,1
2026-07-02 23:00:00-03:00,0.004088127095745051,0.00524568419654356,0.006032225580692494,0.0011575571007985085,0.0019440984849474425,23,2026-07-02,1
2026-07-03 00:00:00-03:00,0.0031123877099336022,0.004793874246487399,0.004088127095745051,0.0016814865365537969,0.000975739385811449,0,2026-07-03,0
2026-07-03 01:00:00-03:00,0.006126369498848388,0.003805782792044917,0.0031123877099336022,0.0023205867068034716,0.003013981788914786,1,2026-07-03,1
2026-07-03 02:00:00-03:00,0.003856748686315235,0.004376661018272285,0.006126369498848388,0.0005199123319570504,0.0022696208125331536,2,2026-07-03,1
2026-07-03 03:00:00-03:00,0.0033306629083146777,0.004036011263235347,0.003856748686315235,0.000705348354920669,0.0005260857780005571,3,2026-07-03,0
2026-07-03 04:00:00-03:00,0.005568329436217171,0.00405595999291364,0.0033306629083146777,0.0015123694433035314,0.0022376665279024936,4,2026-07-03,1
2026-07-03 05:00:00-03:00,0.004437554400061657,0.005053070298649138,0.005568329436217171,0.000615515898587481,0.001130775036155514,5,2026-07-03,1
2026-07-03 06:00:00-03:00,0.006040720028244457,0.0035868217611330195,0.004437554400061657,0.002453898267111438,0.0016031656281828002,6,2026-07-03,0
2026-07-03 07:00:00-03:00,0.0042419049910018495,0.003624797674748664,0.006040720028244457,0.0006171073162531855,0.001798815037242608,7,2026-07-03,1
2026-07-03 08:00:00-03:00,0.004885293766987212,0.004877124074891284,0.0042419049910018495,8.169692095928022e-06,0.0006433887759853627,8,2026-07-03,1
2026-07-03 09:00:00-03:00,0.0054414312831748204,0.006034224496224107,0.004885293766987212,0.0005927932130492869,0.0005561375161876082,9,2026-07-03,0
2026-07-03 10:00:00-03:00,0.009329636652474894,0.005875338468767871,0.0054414312831748204,0.0034542981837070233,0.0038882053693000736,10,2026-07-03,1
2026-07-03 11:00:00-03:00,0.009366513615680964,0.007382576034357432,0.009329636652474894,0.0019839375813235326,3.687696320607038e-05,11,2026-07-03,0
2026-07-03 12:00:00-03:00,0.0034512624706523783,0.005511992393396066,0.009366513615680964,0.0020607299227436877,0.005915251145028586,12,2026-07-03,1
2026-07-03 13:00:00-03:00,0.0035972923433129113,0.004373753004570711,0.0034512624706523783,0.0007764606612577999,0.00014602987266053302,13,2026-07-03,0
2026-07-03 14:00:00-03:00,0.00212204968779344,0.0033954675417516363,0.0035972923433129113,0.0012734178539581965,0.0014752426555194715,14,2026-07-03,1
2026-07-03 15:00:00-03:00,0.002759041954669658,0.0030284334059000203,0.00212204968779344,0.00026939145123036244,0.000636992266876218,15,2026-07-03,1
2026-07-03 16:00:00-03:00,0.011497219041647707,0.0037813917709715577,0.002759041954669658,0.00771582727067615,0.00873817708697805,16,2026-07-03,1
2026-07-03 17:00:00-03:00,0.007350953261493327,0.0061144994859953375,0.011497219041647707,0.0012364537754979898,0.00414626578015438,17,2026-07-03,1
2026-07-03 18:00:00-03:00,0.003348461120521603,0.005405533899383325,0.007350953261493327,0.002057072778861722,0.004002492140971724,18,2026-07-03,1
2026-07-03 19:00:00-03:00,0.0028544374326297385,0.004254941029863636,0.003348461120521603,0.0014005035972338973,0.0004940236878918647,19,2026-07-03,0
2026-07-03 20:00:00-03:00,0.005855189973785848,0.003557734670714568,0.0028544374326297385,0.00229745530307128,0.0030007525411561097,20,2026-07-03,1
2026-07-03 21:00:00-03:00,0.005635485694856488,0.004682721581247663,0.005855189973785848,0.0009527641136088255,0.0002197042789293599,21,2026-07-03,0
2026-07-03 22:00:00-03:00,0.002302564673285261,0.004921218638081478,0.005635485694856488,0.002618653964796217,0.0033329210215712274,22,2026-07-03,1
2026-07-03 23:00:00-03:00,0.004247190002952354,0.00263020093890279,0.002302564673285261,0.0016169890640495644,0.0019446253296670933,23,2026-07-03,1
2026-07-04 00:00:00-03:00,0.0025503987240829903,0.003360001986851215,0.004247190002952354,0.0008096032627682246,0.0016967912788693638,0,2026-07-04,1
2026-07-04 01:00:00-03:00,0.004141407156413053,0.00383855131363554,0.0025503987240829903,0.00030285584277751345,0.001591008432330063,1,2026-07-04,1
2026-07-04 02:00:00-03:00,0.0036990394081537316,0.0038219759765153716,0.004141407156413053,0.00012293656836164,0.0004423677482593216,2,2026-07-04,1
2026-07-04 03:00:00-03:00,0.0026246484275121128,0.003606201087995484,0.0036990394081537316,0.0009815526604833712,0.0010743909806416188,3,2026-07-04,1
2026-07-04 04:00:00-03:00,0.0025259864391888394,0.003662345576592436,0.0026246484275121128,0.0011363591374035967,9.866198832327337e-05,4,2026-07-04,0
2026-07-04 05:00:00-03:00,0.002690178257112608,0.003809969010552477,0.0025259864391888394,0.001119790753439869,0.0001641918179237688,5,2026-07-04,0
2026-07-04 06:00:00-03:00,0.0015939084670388466,0.0035551405355166957,0.002690178257112608,0.001961232068477849,0.0010962697900737616,6,2026-07-04,0
2026-07-04 07:00:00-03:00,0.0017220956880228172,0.002467754204671082,0.0015939084670388466,0.0007456585166482649,0.00012818722098397058,7,2026-07-04,0
2026-07-04 08:00:00-03:00,0.0034274857290492395,0.0023473499187280336,0.0017220956880228172,0.0010801358103212058,0.0017053900410264223,8,2026-07-04,1
2026-07-04 09:00:00-03:00,0.0037533847887258856,0.0035385097944333603,0.0034274857290492395,0.00021487499429252536,0.00032589905967664616,9,2026-07-04,1
2026-07-04 10:00:00-03:00,0.0024364376872488096,0.003955705397544808,0.0037533847887258856,0.0015192677102959986,0.001316947101477076,10,2026-07-04,0
2026-07-04 11:00:00-03:00,0.006157447441975145,0.0032050092537610963,0.0024364376872488096,0.0029524381882140485,0.003721009754726335,11,2026-07-04,1
2026-07-04 12:00:00-03:00,0.0028968353793719843,0.0040109658796278315,0.006157447441975145,0.0011141305002558472,0.0032606120626031605,12,2026-07-04,1
2026-07-04 13:00:00-03:00,0.010060306211814826,0.003421684313354357,0.0028968353793719843,0.006638621898460468,0.007163470832442842,13,2026-07-04,1
2026-07-04 14:00:00-03:00,0.004020402458147373,0.004964512967188771,0.010060306211814826,0.0009441105090413982,0.006039903753667453,14,2026-07-04,1
2026-07-04 15:00:00-03:00,0.005347997431697304,0.0037319098192223794,0.004020402458147373,0.0016160876124749245,0.0013275949735499313,15,2026-07-04,0
2026-07-04 16:00:00-03:00,0.003742145416579515,0.003654677353906647,0.005347997431697304,8.746806267286803e-05,0.001605852015117789,16,2026-07-04,1
2026-07-04 17:00:00-03:00,0.0038863885402724645,0.004890900181564714,0.003742145416579515,0.0010045116412922494,0.0001442431236929496,17,2026-07-04,0
2026-07-04 18:00:00-03:00,0.0023739815421352445,0.004706419654900742,0.0038863885402724645,0.0023324381127654975,0.00151240699813722,18,2026-07-04,0
2026-07-04 19:00:00-03:00,0.004962465956786693,0.0043402560195285236,0.0023739815421352445,0.0006222099372581698,0.002588484414651449,19,2026-07-04,1
2026-07-04 20:00:00-03:00,0.0040505600059945026,0.005176079073264694,0.004962465956786693,0.0011255190672701913,0.0009119059507921908,20,2026-07-04,0
2026-07-04 21:00:00-03:00,0.0038664010937550417,0.004839491510039097,0.0040505600059945026,0.0009730904162840556,0.00018415891223946086,21,2026-07-04,0
2026-07-04 22:00:00-03:00,0.005262422488051376,0.004511181804815855,0.0038664010937550417,0.0007512406832355214,0.0013960213942963346,22,2026-07-04,1
2026-07-04 23:00:00-03:00,0.002204749347767616,0.003497583447387785,0.005262422488051376,0.001292834099620169,0.00305767314028376,23,2026-07-04,1
2026-07-05 00:00:00-03:00,0.0038354883844065866,0.003376710258683876,0.002204749347767616,0.0004587781257227104,0.0016307390366389705,0,2026-07-05,1
2026-07-05 01:00:00-03:00,0.002491851355982125,0.0032079929398503917,0.0038354883844065866,0.0007161415838682667,0.0013436370284244615,1,2026-07-05,1
2026-07-05 02:00:00-03:00,0.002387938743127517,0.0037942991892340886,0.002491851355982125,0.0014063604461065716,0.00010391261285460805,2,2026-07-05,0
2026-07-05 03:00:00-03:00,0.005421752799617778,0.0035561758036759174,0.002387938743127517,0.001865576995941861,0.0030338140564902614,3,2026-07-05,1
2026-07-05 04:00:00-03:00,0.003242469999205277,0.0034604857188525358,0.005421752799617778,0.00021801571964725867,0.0021792828004125013,4,2026-07-05,1
2026-07-05 05:00:00-03:00,0.007881712198457591,0.003621598625854004,0.003242469999205277,0.004260113572603587,0.004639242199252314,5,2026-07-05,1
2026-07-05 06:00:00-03:00,0.0035005350872552394,0.003967588132811966,0.007881712198457591,0.0004670530455567262,0.004381177111202352,6,2026-07-05,1
2026-07-05 07:00:00-03:00,0.0033829181862694278,0.003974401361094849,0.0035005350872552394,0.0005914831748254214,0.00011761690098581164,7,2026-07-05,0
2026-07-05 08:00:00-03:00,0.003229420156280115,0.004199793304663262,0.0033829181862694278,0.000970373148383147,0.00015349802998931286,8,2026-07-05,0
2026-07-05 09:00:00-03:00,0.002795579054656658,0.004770855971260018,0.003229420156280115,0.00197527691660336,0.00043384110162345696,9,2026-07-05,0
2026-07-05 10:00:00-03:00,0.002584686904226577,0.0057107875726047615,0.002795579054656658,0.0031261006683781845,0.000210892150430081,10,2026-07-05,0
2026-07-05 11:00:00-03:00,0.004205131621751327,0.003735469648123946,0.002584686904226577,0.00046966197362738066,0.0016204447175247496,11,2026-07-05,1
2026-07-05 12:00:00-03:00,0.002919019092083586,0.003937999536000897,0.004205131621751327,0.0010189804439173105,0.0012861125296677405,12,2026-07-05,1
2026-07-05 13:00:00-03:00,0.003602718597849173,0.0032916699291269643,0.002919019092083586,0.00031104866872220865,0.0006836995057655868,13,2026-07-05,1
2026-07-05 14:00:00-03:00,0.004202461209611602,0.0036497014228065463,0.003602718597849173,0.0005527597868050555,0.0005997426117624288,14,2026-07-05,1
2026-07-05 15:00:00-03:00,0.0027586918868075425,0.004119568331515988,0.004202461209611602,0.0013608764447084454,0.0014437693228040592,15,2026-07-05,1
2026-07-05 16:00:00-03:00,0.0021681600099218235,0.004146068430488359,0.0027586918868075425,0.001977908420566535,0.000590531876885719,16,2026-07-05,0
2026-07-05 17:00:00-03:00,0.009676819616303218,0.0032449391698307025,0.0021681600099218235,0.006431880446472516,0.007508659606381395,17,2026-07-05,1
2026-07-05 18:00:00-03:00,0.015053345048324375,0.005145491180119852,0.009676819616303218,0.009907853868204523,0.005376525432021157,18,2026-07-05,0
2026-07-05 19:00:00-03:00,0.006624351924587579,0.008130347054954528,0.015053345048324375,0.0015059951303669494,0.008428993123736796,19,2026-07-05,1
2026-07-05 20:00:00-03:00,0.0066265184006960385,0.006328258738820561,0.006624351924587579,0.00029825966187547754,2.166476108459575e-06,20,2026-07-05,0
2026-07-05 21:00:00-03:00,0.005819806216182207,0.007189476775872293,0.0066265184006960385,0.0013696705596900859,0.0008067121845138315,21,2026-07-05,0
2026-07-05 22:00:00-03:00,0.004669397310211576,0.0054727285568961,0.005819806216182207,0.0008033312466845244,0.0011504089059706313,22,2026-07-05,1
2026-07-05 23:00:00-03:00,0.005673997535311362,0.0035696726959195835,0.004669397310211576,0.0021043248393917786,0.0010046002250997865,23,2026-07-05,0
2026-07-06 00:00:00-03:00,0.0033949237205100655,0.005330414258439005,0.005673997535311362,0.0019354905379289395,0.0022790738148012967,0,2026-07-06,1
2026-07-06 01:00:00-03:00,0.005038501758722312,0.0033892821610622165,0.0033949237205100655,0.0016492195976600958,0.0016435780382122469,1,2026-07-06,0
2026-07-06 02:00:00-03:00,0.0028693470528454823,0.004355384166697424,0.005038501758722312,0.0014860371138519421,0.00216915470587683,2,2026-07-06,1
2026-07-06 03:00:00-03:00,0.0036456191862280557,0.00476946067719295,0.0028693470528454823,0.0011238414909648942,0.0007762721333825734,3,2026-07-06,0
2026-07-06 04:00:00-03:00,0.007056306903168854,0.004598760549932632,0.0036456191862280557,0.002457546353236222,0.0034106877169407983,4,2026-07-06,1
2026-07-06 05:00:00-03:00,0.0045184878201899,0.004877618127897449,0.007056306903168854,0.0003591303077075487,0.0025378190829789538,5,2026-07-06,1
2026-07-06 06:00:00-03:00,0.005813881302204957,0.0066867868684474426,0.0045184878201899,0.0008729055662424854,0.001295393482015057,6,2026-07-06,1
2026-07-06 07:00:00-03:00,0.008260855926908435,0.005042956984287899,0.005813881302204957,0.0032178989426205357,0.0024469746247034775,7,2026-07-06,0
2026-07-06 08:00:00-03:00,0.013274927409572368,0.005989038431044053,0.008260855926908435,0.007285888978528315,0.005014071482663933,8,2026-07-06,0
2026-07-06 09:00:00-03:00,0.011772398779242648,0.007953349038260211,0.013274927409572368,0.0038190497409824366,0.0015025286303297202,9,2026-07-06,0
2026-07-06 10:00:00-03:00,0.011262650680074818,0.008645150680142415,0.011772398779242648,0.002617499999932403,0.0005097480991678293,10,2026-07-06,0
2026-07-06 11:00:00-03:00,0.023573481752897665,0.00838290791125564,0.011262650680074818,0.015190573841642024,0.012310831072822846,11,2026-07-06,0
2026-07-06 12:00:00-03:00,0.007484309295173507,0.009844391007795434,0.023573481752897665,0.0023600817126219267,0.016089172457724156,12,2026-07-06,1
2026-07-06 13:00:00-03:00,0.006384914742516518,0.008160759890193393,0.007484309295173507,0.001775845147676875,0.0010993945526569888,13,2026-07-06,0
2026-07-06 14:00:00-03:00,0.005118028648400851,0.006458459856372421,0.006384914742516518,0.0013404312079715692,0.0012668860941156667,14,2026-07-06,0
2026-07-06 15:00:00-03:00,0.0036949398887831417,0.004287187742886055,0.005118028648400851,0.0005922478541029136,0.0014230887596177097,15,2026-07-06,1
2026-07-06 16:00:00-03:00,0.004750893025004668,0.004561641682831138,0.0036949398887831417,0.00018925134217353048,0.0010559531362215268,16,2026-07-06,1
2026-07-06 17:00:00-03:00,0.013800593518559006,0.005391494075805393,0.004750893025004668,0.008409099442753613,0.009049700493554337,17,2026-07-06,1
2026-07-06 18:00:00-03:00,0.005432258265363271,0.005665846906945074,0.013800593518559006,0.00023358864158180316,0.008368335253195736,18,2026-07-06,1
2026-07-06 19:00:00-03:00,0.005043251290324746,0.004647859486045224,0.005432258265363271,0.00039539180427952247,0.00038900697503852465,19,2026-07-06,0
2026-07-06 20:00:00-03:00,0.004929600169709079,0.004978454093503156,0.005043251290324746,4.885392379407657e-05,0.00011365112061566696,20,2026-07-06,1
2026-07-06 21:00:00-03:00,0.006844611528822041,0.005479106763173019,0.004929600169709079,0.0013655047656490225,0.001915011359112962,21,2026-07-06,1
2026-07-06 22:00:00-03:00,0.009791066329069432,0.006289810269439857,0.006844611528822041,0.003501256059629575,0.002946454800247391,22,2026-07-06,0
2026-07-06 23:00:00-03:00,0.004177809470049616,0.005673017912461395,0.009791066329069432,0.0014952084424117796,0.005613256859019817,23,2026-07-06,1
2026-07-07 00:00:00-03:00,0.003555149991259934,0.004657459539441066,0.004177809470049616,0.0011023095481811317,0.0006226594787896817,0,2026-07-07,0
2026-07-07 01:00:00-03:00,0.007587598595298632,0.004859870140347668,0.003555149991259934,0.0027277284549509636,0.004032448604038698,1,2026-07-07,1
2026-07-07 02:00:00-03:00,0.006561098831701953,0.0060193018876463465,0.007587598595298632,0.0005417969440556069,0.0010264997635966782,2,2026-07-07,1
2026-07-07 03:00:00-03:00,0.0059223393620930105,0.005797104343008564,0.006561098831701953,0.00012523501908444628,0.0006387594696089429,3,2026-07-07,1
2026-07-07 04:00:00-03:00,0.003160180020283948,0.00505004838519795,0.0059223393620930105,0.0018898683649140016,0.0027621593418090625,4,2026-07-07,1
2026-07-07 05:00:00-03:00,0.00451261540407241,0.0048060957481464595,0.003160180020283948,0.00029348034407404924,0.0013524353837884623,5,2026-07-07,1
2026-07-07 06:00:00-03:00,0.0037763099677644144,0.004162673203415729,0.00451261540407241,0.0003863632356513147,0.0007363054363079958,6,2026-07-07,1
2026-07-07 07:00:00-03:00,0.0052988676150522536,0.005493664201550477,0.0037763099677644144,0.0001947965864982238,0.0015225576472878391,7,2026-07-07,1
2026-07-07 08:00:00-03:00,0.007489123977909089,0.006585196121796021,0.0052988676150522536,0.0009039278561130681,0.0021902563628568355,8,2026-07-07,1
2026-07-07 09:00:00-03:00,0.007651928444557219,0.00941103278534307,0.007489123977909089,0.001759104340785851,0.00016280446664812976,9,2026-07-07,0
2026-07-07 10:00:00-03:00,0.015144414001751053,0.012012823026284905,0.007651928444557219,0.003131590975466147,0.007492485557193834,10,2026-07-07,1
2026-07-07 11:00:00-03:00,0.011399564933863328,0.011927531571021366,0.015144414001751053,0.0005279666371580376,0.0037448490678877247,11,2026-07-07,1
2026-07-07 12:00:00-03:00,0.006779115853253515,0.00854796123142171,0.011399564933863328,0.0017688453781681945,0.004620449080609813,12,2026-07-07,1
2026-07-07 13:00:00-03:00,0.005231514660517884,0.007701800927175785,0.006779115853253515,0.002470286266657901,0.0015476011927356313,13,2026-07-07,0
2026-07-07 14:00:00-03:00,0.00810285931263491,0.005472350435538141,0.005231514660517884,0.0026305088770967686,0.002871344652117026,14,2026-07-07,1
2026-07-07 15:00:00-03:00,0.008068101173352521,0.007083239429016864,0.00810285931263491,0.0009848617443356565,3.475813928238876e-05,15,2026-07-07,0
2026-07-07 16:00:00-03:00,0.004972684381406698,0.005634461745962498,0.008068101173352521,0.0006617773645558002,0.0030954167919458233,16,2026-07-07,1
2026-07-07 17:00:00-03:00,0.008717528428539782,0.004264928525548048,0.004972684381406698,0.004452599902991734,0.0037448440471330845,17,2026-07-07,0
2026-07-07 18:00:00-03:00,0.006955041791618766,0.005014377049301861,0.008717528428539782,0.001940664742316905,0.0017624866369210165,18,2026-07-07,0
2026-07-07 19:00:00-03:00,0.006123351764937782,0.004812245653224054,0.006955041791618766,0.001311106111713728,0.0008316900266809833,19,2026-07-07,0
2026-07-07 20:00:00-03:00,0.007146835454579284,0.005367479077275839,0.006123351764937782,0.0017793563773034447,0.0010234836896415014,20,2026-07-07,0
2026-07-07 21:00:00-03:00,0.011544146142938224,0.006464370348166611,0.007146835454579284,0.005079775794771613,0.00439731068835894,21,2026-07-07,0
2026-07-07 22:00:00-03:00,0.008582567256679444,0.0068052061760425706,0.011544146142938224,0.0017773610806368738,0.0029615788862587793,22,2026-07-07,1
2026-07-07 23:00:00-03:00,0.006274416085141632,0.006945662031248984,0.008582567256679444,0.0006712459461073522,0.002308151171537812,23,2026-07-07,1
2026-07-08 00:00:00-03:00,0.003590605095541369,0.006335061209060598,0.006274416085141632,0.0027444561135192293,0.0026838109896002633,0,2026-07-08,0
2026-07-08 01:00:00-03:00,0.005091966714071375,0.005380404088544782,0.003590605095541369,0.00028843737447340704,0.001501361618530006,1,2026-07-08,1
2026-07-08 02:00:00-03:00,0.0042925215547750415,0.005020931649840306,0.005091966714071375,0.0007284100950652643,0.0007994451592963333,2,2026-07-08,1
2026-07-08 03:00:00-03:00,0.005484163601048516,0.006156483857686033,0.0042925215547750415,0.0006723202566375173,0.0011916420462734743,3,2026-07-08,1
2026-07-08 04:00:00-03:00,0.017514168384974983,0.005527229493178251,0.005484163601048516,0.011986938891796733,0.012030004783926466,4,2026-07-08,1
2026-07-08 05:00:00-03:00,0.007189763972769205,0.008576180200249877,0.017514168384974983,0.001386416227480672,0.010324404412205779,5,2026-07-08,1
2026-07-08 06:00:00-03:00,0.004768496659543684,0.0057304578498485175,0.007189763972769205,0.0009619611903048334,0.0024212673132255206,6,2026-07-08,1
2026-07-08 07:00:00-03:00,0.005399840353104447,0.00600317664344391,0.004768496659543684,0.0006033362903394629,0.000631343693560763,7,2026-07-08,1
2026-07-08 08:00:00-03:00,0.00802966796879098,0.007468756898134092,0.005399840353104447,0.0005609110706568882,0.0026298276156865334,8,2026-07-08,1
2026-07-08 09:00:00-03:00,0.007389884235317161,0.010350539530861128,0.00802966796879098,0.0029606552955439673,0.0006397837334738195,9,2026-07-08,0
2026-07-08 10:00:00-03:00,0.0074577681018027945,0.012137674119018435,0.007389884235317161,0.0046799060172156405,6.78838664856336e-05,10,2026-07-08,0
2026-07-08 11:00:00-03:00,0.006116944425491995,0.011103461514057084,0.0074577681018027945,0.004986517088565089,0.0013408236763107996,11,2026-07-08,0
2026-07-08 12:00:00-03:00,0.007608709476900395,0.008901711716130365,0.006116944425491995,0.0012930022392299697,0.0014917650514084,12,2026-07-08,1
2026-07-08 13:00:00-03:00,0.005834026518478009,0.007142576231131606,0.007608709476900395,0.0013085497126535976,0.0017746829584223862,13,2026-07-08,1
2026-07-08 14:00:00-03:00,0.004933157857835323,0.0056369437180409125,0.005834026518478009,0.0007037858602055892,0.0009008686606426855,14,2026-07-08,1
2026-07-08 15:00:00-03:00,0.0035998277400776696,0.005074548965386716,0.004933157857835323,0.0014747212253090462,0.0013333301177576536,15,2026-07-08,0
2026-07-08 16:00:00-03:00,0.003602921177765818,0.004677317050597979,0.0035998277400776696,0.0010743958728321613,3.093437688148331e-06,16,2026-07-08,0
2026-07-08 17:00:00-03:00,0.0047472814730112525,0.00474678024275753,0.003602921177765818,5.012302537223123e-07,0.0011443602952454345,17,2026-07-08,1
2026-07-08 18:00:00-03:00,0.0027695955745510596,0.005240599934846918,0.0047472814730112525,0.0024710043602958584,0.001977685898460193,18,2026-07-08,0
2026-07-08 19:00:00-03:00,0.002770910258468431,0.003902682026623528,0.0027695955745510596,0.001131771768155097,1.314683917371176e-06,19,2026-07-08,0
2026-07-08 20:00:00-03:00,0.004045872210827578,0.003400000328832129,0.002770910258468431,0.0006458718819954495,0.0012749619523591475,20,2026-07-08,1
2026-07-08 21:00:00-03:00,0.01299987079268689,0.005339791148540722,0.004045872210827578,0.007660079644146168,0.008953998581859312,21,2026-07-08,1
2026-07-08 22:00:00-03:00,0.006731317002434069,0.005555385735090419,0.01299987079268689,0.0011759312673436505,0.006268553790252821,22,2026-07-08,1
2026-07-08 23:00:00-03:00,0.005373030192818479,0.005117159662134002,0.006731317002434069,0.0002558705306844773,0.00135828680961559,23,2026-07-08,1
2026-07-09 00:00:00-03:00,0.008003203651214512,0.005114876070932196,0.005373030192818479,0.0028883275802823157,0.0026301734583960325,0,2026-07-09,0
2026-07-09 01:00:00-03:00,0.006208857987771462,0.004865869350589846,0.008003203651214512,0.0013429886371816155,0.0017943456634430498,1,2026-07-09,1
2026-07-09 02:00:00-03:00,0.00785292747962353,0.004558587205455824,0.006208857987771462,0.0032943402741677057,0.0016440694918520675,2,2026-07-09,0
2026-07-09 03:00:00-03:00,0.00786031746031753,0.006040809560968645,0.00785292747962353,0.0018195078993488841,7.389980693999973e-06,3,2026-07-09,0
2026-07-09 04:00:00-03:00,0.003886419945424489,0.00523630364551078,0.00786031746031753,0.0013498837000862907,0.00397389751489304,4,2026-07-09,1
2026-07-09 05:00:00-03:00,0.0034180838525004254,0.004890006019626677,0.003886419945424489,0.0014719221671262513,0.0004683360929240636,5,2026-07-09,0
2026-07-09 06:00:00-03:00,0.0058767840749313575,0.004535751132968117,0.0034180838525004254,0.0013410329419632407,0.002458700222430932,6,2026-07-09,1
2026-07-09 07:00:00-03:00,0.0034297269119365217,0.004313961749805536,0.0058767840749313575,0.0008842348378690144,0.002447057162994836,7,2026-07-09,1
2026-07-09 08:00:00-03:00,0.007771582147257126,0.0057012256029432065,0.0034297269119365217,0.0020703565443139192,0.004341855235320604,8,2026-07-09,1
2026-07-09 09:00:00-03:00,0.011376943867323193,0.009306010934782493,0.007771582147257126,0.0020709329325407,0.003605361720066067,9,2026-07-09,1
2026-07-09 10:00:00-03:00,0.007587438110955906,0.010190480397320786,0.011376943867323193,0.0026030422863648796,0.003789505756367287,10,2026-07-09,1
2026-07-09 11:00:00-03:00,0.007156258226555483,0.00853443677234565,0.007587438110955906,0.0013781785457901673,0.00043117988440042297,11,2026-07-09,0
2026-07-09 12:00:00-03:00,0.006960285971246312,0.006331240671244989,0.007156258226555483,0.0006290453000013223,0.00019597225530917136,12,2026-07-09,0
2026-07-09 13:00:00-03:00,0.007872949548159064,0.004994079564064465,0.006960285971246312,0.0028788699840945993,0.0009126635769127521,13,2026-07-09,0
2026-07-09 14:00:00-03:00,0.006643569191112233,0.005240154930420836,0.007872949548159064,0.0014034142606913968,0.0012293803570468309,14,2026-07-09,0
2026-07-09 15:00:00-03:00,0.004067790178677401,0.00492563664931198,0.006643569191112233,0.0008578464706345788,0.002575779012434832,15,2026-07-09,1
2026-07-09 16:00:00-03:00,0.0024242900947635078,0.004582486340355108,0.004067790178677401,0.0021581962455916003,0.0016435000839138932,16,2026-07-09,0
2026-07-09 17:00:00-03:00,0.002987455153798687,0.003592238585699846,0.0024242900947635078,0.0006047834319011592,0.0005631650590351791,17,2026-07-09,0
2026-07-09 18:00:00-03:00,0.0031514369622444977,0.003349994294278144,0.002987455153798687,0.00019855733203364648,0.00016398180844581084,18,2026-07-09,0
2026-07-09 19:00:00-03:00,0.004176656650324158,0.003702518395960755,0.0031514369622444977,0.000474138254363403,0.0010252196880796605,19,2026-07-09,1
2026-07-09 20:00:00-03:00,0.005220400631049214,0.004957147973213229,0.004176656650324158,0.00026325265783598475,0.0010437439807250556,20,2026-07-09,1
2026-07-09 21:00:00-03:00,0.016282231835489488,0.0056453727122636205,0.005220400631049214,0.010636859123225867,0.011061831204440275,21,2026-07-09,1
2026-07-09 22:00:00-03:00,0.005588787966103011,0.0060482646404272,0.016282231835489488,0.00045947667432418883,0.010693443869386476,22,2026-07-09,1
2026-07-09 23:00:00-03:00,0.003552931168213731,0.004695983274816714,0.005588787966103011,0.0011430521066029824,0.00203585679788928,23,2026-07-09,1
2026-07-10 00:00:00-03:00,0.00498408378232037,0.004723955238099941,0.003552931168213731,0.00026012854422042923,0.001431152614106639,0,2026-07-10,1
2026-07-10 01:00:00-03:00,0.003991983902923391,0.0034893485929985662,0.00498408378232037,0.0005026353099248245,0.0009920998793969795,1,2026-07-10,1
2026-07-10 02:00:00-03:00,0.005105339919326233,0.004269444941015045,0.003991983902923391,0.0008358949783111875,0.001113356016402842,2,2026-07-10,1
2026-07-10 03:00:00-03:00,0.0032812719853666126,0.004908988739119203,0.005105339919326233,0.0016277167537525903,0.00182406793395962,3,2026-07-10,1
2026-07-10 04:00:00-03:00,0.006677613131150122,0.0033346484913735603,0.0032812719853666126,0.0033429646397765615,0.003396341145783509,4,2026-07-10,1
2026-07-10 05:00:00-03:00,0.005871079779495564,0.005073742806572266,0.006677613131150122,0.0007973369729232984,0.0008065333516545578,5,2026-07-10,1
2026-07-10 06:00:00-03:00,0.003421480007079815,0.004390944293495857,0.005871079779495564,0.0009694642864160417,0.0024495997724157488,6,2026-07-10,1
2026-07-10 07:00:00-03:00,0.00214465834631736,0.004711495153789082,0.003421480007079815,0.0025668368074717217,0.0012768216607624552,7,2026-07-10,0
2026-07-10 08:00:00-03:00,0.009473196919297695,0.004751371565105997,0.00214465834631736,0.004721825354191698,0.007328538572980335,8,2026-07-10,1
2026-07-10 09:00:00-03:00,0.008374015259599361,0.007906206931242823,0.009473196919297695,0.00046780832835653825,0.0010991816596983336,9,2026-07-10,1
2026-07-10 10:00:00-03:00,0.011305193924355939,0.008537705316110457,0.008374015259599361,0.002767488608245482,0.0029311786647565775,10,2026-07-10,1
2026-07-10 11:00:00-03:00,0.004871955028107433,0.00878722505591002,0.011305193924355939,0.003915270027802588,0.006433238896248506,11,2026-07-10,1
2026-07-10 12:00:00-03:00,0.006133924831006423,0.0063929825241850246,0.004871955028107433,0.00025905769317860136,0.0012619698028989903,12,2026-07-10,1
2026-07-10 13:00:00-03:00,0.005275445800239132,0.004894308954880507,0.006133924831006423,0.0003811368453586249,0.0008584790307672912,13,2026-07-10,1
2026-07-10 14:00:00-03:00,0.004252154834665327,0.005425936389099575,0.005275445800239132,0.0011737815544342481,0.0010232909655738054,14,2026-07-10,0
2026-07-10 15:00:00-03:00,0.004655348393907897,0.003764925746804242,0.004252154834665327,0.000890422647103655,0.00040319355924257026,15,2026-07-10,0
2026-07-10 16:00:00-03:00,0.004548156560217737,0.0036035152209147573,0.004655348393907897,0.0009446413393029798,0.00010719183369015985,16,2026-07-10,0
2026-07-10 17:00:00-03:00,0.004132194609166107,0.004267820246670346,0.004548156560217737,0.00013562563750423896,0.0004159619510516301,17,2026-07-10,1
2026-07-10 18:00:00-03:00,0.0029326670440253623,0.0037896071896458793,0.004132194609166107,0.000856940145620517,0.0011995275651407447,18,2026-07-10,1
2026-07-10 19:00:00-03:00,0.0030954594110008363,0.0026669758964801816,0.0029326670440253623,0.0004284835145206547,0.00016279236697547403,19,2026-07-10,0
2026-07-10 20:00:00-03:00,0.002184205601646773,0.0035752477312483446,0.0030954594110008363,0.0013910421296015715,0.0009112538093540633,20,2026-07-10,0
2026-07-10 21:00:00-03:00,0.004780126521274179,0.0025624736129014098,0.002184205601646773,0.0022176529083727694,0.002595920919627406,21,2026-07-10,1
2026-07-10 22:00:00-03:00,0.002835653957009913,0.004441801083836307,0.004780126521274179,0.001606147126826394,0.001944472564264266,22,2026-07-10,1
2026-07-10 23:00:00-03:00,0.001980345569054745,0.0035181773595101867,0.002835653957009913,0.001537831790455442,0.0008553083879551684,23,2026-07-10,0
2026-07-11 00:00:00-03:00,0.002077721661055008,0.003271029119966575,0.001980345569054745,0.001193307458911567,9.737609200026302e-05,0,2026-07-11,0
2026-07-11 01:00:00-03:00,0.0015725502411259012,0.0029978165309730554,0.002077721661055008,0.0014252662898471542,0.0005051714199291067,1,2026-07-11,0
2026-07-11 02:00:00-03:00,0.002398040458368305,0.002666268313200153,0.0015725502411259012,0.0002682278548318483,0.0008254902172424037,2,2026-07-11,1
2026-07-11 03:00:00-03:00,0.0016294645849003714,0.0023271171027195374,0.002398040458368305,0.000697652517819166,0.0007685758734679335,3,2026-07-11,1
2026-07-11 04:00:00-03:00,0.0022738313490278583,0.0021702542166317416,0.0016294645849003714,0.00010357713239611674,0.0006443667641274869,4,2026-07-11,1
2026-07-11 05:00:00-03:00,0.002186470562750504,0.0020393504927489862,0.0022738313490278583,0.00014712007000151775,8.736078627735429e-05,5,2026-07-11,0
2026-07-11 06:00:00-03:00,0.001153187114461942,0.002417140195498275,0.002186470562750504,0.001263953081036333,0.001033283448288562,6,2026-07-11,0
2026-07-11 07:00:00-03:00,0.0007372503816318538,0.001774368410623655,0.001153187114461942,0.0010371180289918012,0.0004159367328300883,7,2026-07-11,0
2026-07-11 08:00:00-03:00,0.0015164616704381967,0.0017369458713727564,0.0007372503816318538,0.00022048420093455975,0.0007792112888063429,8,2026-07-11,1
2026-07-11 09:00:00-03:00,0.001650329427610801,0.0018121442590751395,0.0015164616704381967,0.0001618148314643385,0.00013386775717260432,9,2026-07-11,0
2026-07-11 10:00:00-03:00,0.004171712633723586,0.001700907731844415,0.001650329427610801,0.0024708049018791712,0.002521383206112785,10,2026-07-11,1
2026-07-11 11:00:00-03:00,0.009159690381491479,0.00277960504759902,0.004171712633723586,0.0063800853338924594,0.004987977747767893,11,2026-07-11,0
2026-07-11 12:00:00-03:00,0.0029546583118325686,0.004963401683301785,0.009159690381491479,0.0020087433714692164,0.00620503206965891,12,2026-07-11,1
2026-07-11 13:00:00-03:00,0.0036992620600343066,0.002963226919073706,0.0029546583118325686,0.0007360351409606007,0.0007446037482017379,13,2026-07-11,1
2026-07-11 14:00:00-03:00,0.0016518470420107136,0.0030685809384427797,0.0036992620600343066,0.001416733896432066,0.002047415018023593,14,2026-07-11,1
2026-07-11 15:00:00-03:00,0.0016297483122296736,0.0024167007696886634,0.0016518470420107136,0.0007869524574589898,2.209872978103998e-05,15,2026-07-11,0
2026-07-11 16:00:00-03:00,0.0027622434374585587,0.0022949113250280715,0.0016297483122296736,0.0004673321124304872,0.001132495125228885,16,2026-07-11,1
2026-07-11 17:00:00-03:00,0.0013902357806942472,0.001705102649865733,0.0027622434374585587,0.0003148668691714859,0.0013720076567643115,17,2026-07-11,1
2026-07-11 18:00:00-03:00,0.004354308235679623,0.0018457283083851614,0.0013902357806942472,0.002508579927294461,0.0029640724549853757,18,2026-07-11,1
2026-07-11 19:00:00-03:00,0.006690797411429198,0.0032721870014847834,0.004354308235679623,0.0034186104099444147,0.0023364891757495752,19,2026-07-11,0
2026-07-11 20:00:00-03:00,0.0032549738384766978,0.004586270425850758,0.006690797411429198,0.0013312965873740605,0.0034358235729525003,20,2026-07-11,1
2026-07-11 21:00:00-03:00,0.005623572413902843,0.004961904182420069,0.0032549738384766978,0.0006616682314827737,0.002368598575426145,21,2026-07-11,1
2026-07-11 22:00:00-03:00,0.001624931579158494,0.0035950098172242567,0.005623572413902843,0.0019700782380657625,0.003998640834744349,22,2026-07-11,1
2026-07-11 23:00:00-03:00,0.0029282011493259215,0.002820554571497041,0.001624931579158494,0.00010764657782888053,0.0013032695701674275,23,2026-07-11,1
2026-07-12 00:00:00-03:00,0.004721723914385568,0.00330045814402862,0.0029282011493259215,0.001421265770356948,0.0017935227650596464,0,2026-07-12,1
2026-07-12 01:00:00-03:00,0.0019462185152485814,0.0032515944540678146,0.004721723914385568,0.0013053759388192332,0.0027755053991369866,1,2026-07-12,1
2026-07-12 02:00:00-03:00,0.005050307030186677,0.003611784251966502,0.0019462185152485814,0.0014385227782201752,0.003104088514938096,2,2026-07-12,1
2026-07-12 03:00:00-03:00,0.0026339404998992227,0.0038583185180436994,0.005050307030186677,0.0012243780181444767,0.0024163665302874547,3,2026-07-12,1
2026-07-12 04:00:00-03:00,0.0033777627182644348,0.0031270977870374154,0.0026339404998992227,0.0002506649312270194,0.0007438222183652121,4,2026-07-12,1
2026-07-12 05:00:00-03:00,0.004661702543134832,0.0033002748756485022,0.0033777627182644348,0.0013614276674863294,0.0012839398248703968,5,2026-07-12,0
2026-07-12 06:00:00-03:00,0.0018507569627292792,0.00448449715717234,0.004661702543134832,0.0026337401944430605,0.002810945580405552,6,2026-07-12,1
2026-07-12 07:00:00-03:00,0.0031864470638808978,0.0031914562913844427,0.0018507569627292792,5.009227503544912e-06,0.0013356901011516186,7,2026-07-12,1
2026-07-12 08:00:00-03:00,0.002568487801830461,0.003362202216587081,0.0031864470638808978,0.0007937144147566202,0.0006179592620504369,8,2026-07-12,0
2026-07-12 09:00:00-03:00,0.0017273442071100622,0.004138158122827838,0.002568487801830461,0.0024108139157177754,0.0008411435947203987,9,2026-07-12,0
2026-07-12 10:00:00-03:00,0.0051617461342976295,0.003825859007016545,0.0017273442071100622,0.0013358871272810846,0.0034344019271875673,10,2026-07-12,1
2026-07-12 11:00:00-03:00,0.002246634255796564,0.003784778914279955,0.0051617461342976295,0.001538144658483391,0.0029151118785010655,11,2026-07-12,1
2026-07-12 12:00:00-03:00,0.0026121222792340553,0.003347804481778279,0.002246634255796564,0.0007356822025442237,0.0003654880234374913,12,2026-07-12,0
2026-07-12 13:00:00-03:00,0.0023193607790504595,0.0032193739747310274,0.0026121222792340553,0.000900013195680568,0.0002927615001835958,13,2026-07-12,0
2026-07-12 14:00:00-03:00,0.0020469854160667807,0.002918973501479518,0.0023193607790504595,0.0008719880854127374,0.00027237536298367875,14,2026-07-12,0
2026-07-12 15:00:00-03:00,0.0019103642163092339,0.002455672399822737,0.0020469854160667807,0.000545308183513503,0.00013662119975754684,15,2026-07-12,0
2026-07-12 16:00:00-03:00,0.0011833537931886544,0.001766255699436199,0.0019103642163092339,0.0005829019062475447,0.0007270104231205795,16,2026-07-12,1
2026-07-12 17:00:00-03:00,0.005321931652492793,0.0019019862564823588,0.0011833537931886544,0.003419945396010434,0.004138577859304138,17,2026-07-12,1
2026-07-12 18:00:00-03:00,0.004006926618881124,0.0037854180835096146,0.005321931652492793,0.00022150853537150975,0.0013150050336116683,18,2026-07-12,1
2026-07-12 19:00:00-03:00,0.002951238632800187,0.0035006393672458915,0.004006926618881124,0.0005494007344457046,0.0010556879860809374,19,2026-07-12,1
2026-07-12 20:00:00-03:00,0.01337557538775512,0.003280668816055139,0.002951238632800187,0.010094906571699981,0.010424336754954933,20,2026-07-12,1
2026-07-12 21:00:00-03:00,0.010967638464700979,0.008110458266509277,0.01337557538775512,0.0028571801981917017,0.002407936923054141,21,2026-07-12,0
2026-07-12 22:00:00-03:00,0.00480749886510649,0.005906805108574932,0.010967638464700979,0.001099306243468442,0.006160139599594489,22,2026-07-12,1
2026-07-12 23:00:00-03:00,0.010220453612935308,0.005305079078932157,0.00480749886510649,0.004915374534003151,0.005412954747828817,23,2026-07-12,1
2026-07-13 00:00:00-03:00,0.004656146285422596,0.005269000676555671,0.010220453612935308,0.0006128543911330751,0.0055643073275127115,0,2026-07-13,1
2026-07-13 01:00:00-03:00,0.00644787337377981,0.004414073725702787,0.004656146285422596,0.002033799648077023,0.0017917270883572138,1,2026-07-13,0
2026-07-13 02:00:00-03:00,0.0026999460966232423,0.0038656079120419017,0.00644787337377981,0.0011656618154186594,0.0037479272771565675,2,2026-07-13,1
2026-07-13 03:00:00-03:00,0.005022106668326303,0.00407614656045068,0.0026999460966232423,0.0009459601078756234,0.002322160571703061,3,2026-07-13,1
2026-07-13 04:00:00-03:00,0.0058056888346332556,0.004032522276312857,0.005022106668326303,0.0017731665583203982,0.0007835821663069523,4,2026-07-13,0
2026-07-13 05:00:00-03:00,0.001963232341289232,0.0039551469085745555,0.0058056888346332556,0.0019919145672853233,0.0038424564933440234,5,2026-07-13,1
2026-07-13 06:00:00-03:00,0.00470144615955776,0.003520218725641316,0.001963232341289232,0.001181227433916444,0.0027382138182685278,6,2026-07-13,1
2026-07-13 07:00:00-03:00,0.004255032312968182,0.004701766634455563,0.00470144615955776,0.00044673432148738083,0.0004464138465895776,7,2026-07-13,0
2026-07-13 08:00:00-03:00,0.006707209483729794,0.00499982027647281,0.004255032312968182,0.0017073892072569834,0.0024521771707616113,8,2026-07-13,1
2026-07-13 09:00:00-03:00,0.009666067588818682,0.008484153438814746,0.006707209483729794,0.0011819141500039355,0.002958858105088888,9,2026-07-13,1
2026-07-13 10:00:00-03:00,0.01105191199176328,0.008798049603392604,0.009666067588818682,0.0022538623883706765,0.0013858444029445985,10,2026-07-13,0
2026-07-13 11:00:00-03:00,0.0067752073245381,0.007745295348844424,0.01105191199176328,0.0009700880243063243,0.004276704667225181,11,2026-07-13,1
2026-07-13 12:00:00-03:00,0.006701618601066198,0.005390393767226946,0.0067752073245381,0.0013112248338392517,7.358872347190161e-05,12,2026-07-13,0
2026-07-13 13:00:00-03:00,0.007592279717677041,0.006429543013241141,0.006701618601066198,0.0011627367044358995,0.0008906611166108426,13,2026-07-13,0
2026-07-13 14:00:00-03:00,0.004434537246049643,0.0058082716308920455,0.007592279717677041,0.0013737343848424025,0.0031577424716273976,14,2026-07-13,1
2026-07-13 15:00:00-03:00,0.00486191371949398,0.004403850421315541,0.004434537246049643,0.0004580632981784393,0.00042737647344433683,15,2026-07-13,0
2026-07-13 16:00:00-03:00,0.004404848725281479,0.004146968998088349,0.00486191371949398,0.0002578797271931303,0.0004570649942125006,16,2026-07-13,1
2026-07-13 17:00:00-03:00,0.0051381566375671185,0.003046605852997449,0.004404848725281479,0.0020915507845696694,0.0007333079122856393,17,2026-07-13,0
2026-07-13 18:00:00-03:00,0.005049576900717045,0.00363562663564118,0.0051381566375671185,0.001413950265075865,8.857973685007323e-05,18,2026-07-13,0
2026-07-13 19:00:00-03:00,0.007453013193973448,0.003721468917769384,0.005049576900717045,0.0037315442762040642,0.0024034362932564028,19,2026-07-13,0
2026-07-13 20:00:00-03:00,0.006306361325758853,0.005254664503980647,0.007453013193973448,0.0010516968217782058,0.001146651868214595,20,2026-07-13,1
2026-07-13 21:00:00-03:00,0.0028776589603971506,0.0062199799435963725,0.006306361325758853,0.003342320983199222,0.0034287023653617023,21,2026-07-13,1
2026-07-13 22:00:00-03:00,0.005036774111025787,0.004088674877142991,0.0028776589603971506,0.0009480992338827959,0.002159115150628636,22,2026-07-13,1
2026-07-13 23:00:00-03:00,0.004634594949985529,0.004019745835622163,0.005036774111025787,0.0006148491143633658,0.0004021791610402574,23,2026-07-13,0
2026-07-14 00:00:00-03:00,0.003653504816222651,0.004154861876595505,0.004634594949985529,0.0005013570603728539,0.0009810901337628784,0,2026-07-14,1
2026-07-14 01:00:00-03:00,0.0027784242153752596,0.0035539194369259555,0.003653504816222651,0.0007754952215506959,0.0008750806008473912,1,2026-07-14,1
2026-07-14 02:00:00-03:00,0.003296976161714248,0.003912168903402112,0.0027784242153752596,0.0006151927416878644,0.0005185519463389884,2,2026-07-14,0
2026-07-14 03:00:00-03:00,0.002222793398818267,0.004033499586718558,0.003296976161714248,0.0018107061879002908,0.0010741827628959811,3,2026-07-14,0
2026-07-14 04:00:00-03:00,0.004910239125807176,0.004199793077851493,0.002222793398818267,0.0007104460479556828,0.002687445726988909,4,2026-07-14,1
2026-07-14 05:00:00-03:00,0.003316485588671787,0.003196658416301917,0.004910239125807176,0.00011982717236986998,0.0015937535371353885,5,2026-07-14,1
2026-07-14 06:00:00-03:00,0.004766401273885378,0.003334747414243835,0.003316485588671787,0.001431653859641543,0.0014499156852135907,6,2026-07-14,1
2026-07-14 07:00:00-03:00,0.003332962579833319,0.003919547222429187,0.004766401273885378,0.0005865846425958678,0.0014334386940520589,7,2026-07-14,1
2026-07-14 08:00:00-03:00,0.018897748592870613,0.0045155982512341325,0.003332962579833319,0.01438215034163648,0.015564786013037294,8,2026-07-14,1
2026-07-14 09:00:00-03:00,0.0075651617222490895,0.010002374298037214,0.018897748592870613,0.002437212575788125,0.011332586870621523,9,2026-07-14,1
2026-07-14 10:00:00-03:00,0.011904202813403993,0.007148907921945999,0.0075651617222490895,0.0047552948914579935,0.004339041091154903,10,2026-07-14,0
2026-07-14 11:00:00-03:00,0.011920643136142843,0.008794121921471682,0.011904202813403993,0.003126521214671161,1.644032273885078e-05,11,2026-07-14,0
2026-07-14 12:00:00-03:00,0.004493434265410174,0.008108281491286742,0.011920643136142843,0.0036148472258765683,0.007427208870732669,12,2026-07-14,1
2026-07-14 13:00:00-03:00,0.007710135786224558,0.005582746618752554,0.004493434265410174,0.0021273891674720036,0.0032167015208143836,13,2026-07-14,1
2026-07-14 14:00:00-03:00,0.0026582737589894902,0.005159603578366522,0.007710135786224558,0.0025013298193770316,0.005051862027235067,14,2026-07-14,1
2026-07-14 15:00:00-03:00,0.0033548300368641433,0.004847025423962309,0.0026582737589894902,0.001492195387098166,0.0006965562778746531,15,2026-07-14,0
2026-07-14 16:00:00-03:00,0.002772253369183774,0.0035147782075486537,0.0033548300368641433,0.0007425248383648797,0.0005825766676803693,16,2026-07-14,0
2026-07-14 17:00:00-03:00,0.005688584332273165,0.0030851519325406688,0.002772253369183774,0.002603432399732496,0.0029163309630893908,17,2026-07-14,1
2026-07-14 18:00:00-03:00,0.009003885083908038,0.004014197837283489,0.005688584332273165,0.004989687246624549,0.0033153007516348735,18,2026-07-14,0
2026-07-14 19:00:00-03:00,0.00408954064619047,0.00549275641807609,0.009003885083908038,0.0014032157718856198,0.004914344437717568,19,2026-07-14,1
2026-07-14 20:00:00-03:00,0.00462617729262572,0.004785939300447207,0.00408954064619047,0.0001597620078214873,0.00053663664643525,20,2026-07-14,1
2026-07-14 21:00:00-03:00,0.003225389972995454,0.0058688696148825594,0.00462617729262572,0.0026434796418871053,0.001400787319630266,21,2026-07-14,0
2026-07-14 22:00:00-03:00,0.004155471929592483,0.004730785131682341,0.003225389972995454,0.0005753132020898579,0.0009300819565970287,22,2026-07-14,1
2026-07-14 23:00:00-03:00,0.00538862739402589,0.004635030517700719,0.004155471929592483,0.0007535968763251709,0.0012331554644334072,23,2026-07-14,1
2026-07-15 00:00:00-03:00,0.0026563799066536757,0.0036907787518150083,0.00538862739402589,0.0010343988451613326,0.0027322474873722143,0,2026-07-15,1
2026-07-15 01:00:00-03:00,0.005581110882196141,0.0037505928099313113,0.0026563799066536757,0.0018305180722648297,0.0029247309755424653,1,2026-07-15,1
2026-07-15 02:00:00-03:00,0.0071492270188539915,0.003847299855807936,0.005581110882196141,0.0033019271630460555,0.0015681161366578504,2,2026-07-15,0
2026-07-15 03:00:00-03:00,0.006057381841549426,0.0053264292262894634,0.0071492270188539915,0.0007309526152599628,0.0010918451773045653,3,2026-07-15,1
2026-07-15 04:00:00-03:00,0.0038242644787140293,0.006870473146437906,0.006057381841549426,0.003046208667723877,0.002233117362835397,4,2026-07-15,0
2026-07-15 05:00:00-03:00,0.004093899925207034,0.004638982452983984,0.0038242644787140293,0.0005450825277769503,0.00026963544649300474,5,2026-07-15,0
2026-07-15 06:00:00-03:00,0.003735675734191078,0.0043309636505258165,0.004093899925207034,0.0005952879163347385,0.00035822419101595596,6,2026-07-15,0
2026-07-15 07:00:00-03:00,0.002336705949053168,0.00356679618405165,0.003735675734191078,0.0012300902349984817,0.0013989697851379099,7,2026-07-15,1
2026-07-15 08:00:00-03:00,0.009881222761033722,0.0042063524686022456,0.002336705949053168,0.005674870292431477,0.007544516811980554,8,2026-07-15,1
2026-07-15 09:00:00-03:00,0.010580793418224365,0.008232322267526935,0.009881222761033722,0.0023484711506974298,0.0006995706571906422,9,2026-07-15,0
2026-07-15 10:00:00-03:00,0.0068356467702276645,0.009866196682343405,0.010580793418224365,0.00303054991211574,0.0037451466479967,10,2026-07-15,1
2026-07-15 11:00:00-03:00,0.005170447155260613,0.008278488577231144,0.0068356467702276645,0.0031080414219705303,0.0016651996149670513,11,2026-07-15,0
2026-07-15 12:00:00-03:00,0.010521524692805451,0.006181621642577731,0.005170447155260613,0.00433990305022772,0.005351077537544838,12,2026-07-15,1
2026-07-15 13:00:00-03:00,0.0034089040074643897,0.0061806264341562386,0.010521524692805451,0.002771722426691849,0.007112620685341062,13,2026-07-15,1
2026-07-15 14:00:00-03:00,0.00456598828245454,0.004925808942635136,0.0034089040074643897,0.00035982066018059623,0.00115708427499015,14,2026-07-15,1
2026-07-15 15:00:00-03:00,0.004024633818497372,0.004352056812922681,0.00456598828245454,0.0003274229944253094,0.0005413544639571678,15,2026-07-15,1
2026-07-15 16:00:00-03:00,0.0024071847052110633,0.0037506364740896854,0.004024633818497372,0.001343451768878622,0.0016174491132863087,16,2026-07-15,1
2026-07-15 17:00:00-03:00,0.0035297668780619176,0.0027951025041726735,0.0024071847052110633,0.0007346643738892441,0.0011225821728508543,17,2026-07-15,1
2026-07-15 18:00:00-03:00,0.003244642532026738,0.0032201840228496463,0.0035297668780619176,2.4458509177091754e-05,0.00028512434603517956,18,2026-07-15,1
2026-07-15 19:00:00-03:00,0.003800558030819568,0.0031770488049760507,0.003244642532026738,0.0006235092258435175,0.0005559154987928301,19,2026-07-15,0
2026-07-15 20:00:00-03:00,0.0053496163992142335,0.004016592208226861,0.003800558030819568,0.0013330241909873721,0.0015490583683946653,20,2026-07-15,1
2026-07-15 21:00:00-03:00,0.00676641329114576,0.005637641066995016,0.0053496163992142335,0.001128772224150744,0.0014167968919315266,21,2026-07-15,1
2026-07-15 22:00:00-03:00,0.0024917232616993145,0.004180228104332327,0.00676641329114576,0.0016885048426330124,0.0042746900294464455,22,2026-07-15,1
2026-07-15 23:00:00-03:00,0.002948779749907001,0.0035605066553575323,0.0024917232616993145,0.0006117269054505313,0.00045705648820768647,23,2026-07-15,0
2026-07-16 00:00:00-03:00,0.002288629320472283,0.0033011807587653612,0.002948779749907001,0.001012551438293078,0.0006601504294347178,0,2026-07-16,0
2026-07-16 01:00:00-03:00,0.006236329867884058,0.0036439928652032753,0.002288629320472283,0.0025923370026807824,0.003947700547411774,1,2026-07-16,1
2026-07-16 02:00:00-03:00,0.005372096283081764,0.004010815548277732,0.006236329867884058,0.0013612807348040313,0.0008642335848022941,2,2026-07-16,0
2026-07-16 03:00:00-03:00,0.010760141972041457,0.004041311658200933,0.005372096283081764,0.006718830313840524,0.005388045688959693,3,2026-07-16,0
2026-07-16 04:00:00-03:00,0.007672293274969845,0.0038896261988410705,0.010760141972041457,0.0037826670761287743,0.003087848697071612,4,2026-07-16,0
2026-07-16 05:00:00-03:00,0.00261834919644258,0.006478752448584796,0.007672293274969845,0.003860403252142216,0.005053944078527265,5,2026-07-16,1
2026-07-16 06:00:00-03:00,0.002984521967308659,0.004900522504957998,0.00261834919644258,0.0019160005376493393,0.000366172770866079,6,2026-07-16,0
2026-07-16 07:00:00-03:00,0.002621056568102857,0.003036108138513852,0.002984521967308659,0.00041505157041099496,0.000363465399205802,7,2026-07-16,0
2026-07-16 08:00:00-03:00,0.0065384725419015185,0.004408263783022933,0.002621056568102857,0.0021302087588785856,0.003917415973798662,8,2026-07-16,1
2026-07-16 09:00:00-03:00,0.008059835963713194,0.0070103999519665556,0.0065384725419015185,0.0010494360117466383,0.0015213634218116754,9,2026-07-16,1
2026-07-16 10:00:00-03:00,0.008219261704236413,0.009229179352557324,0.008059835963713194,0.0010099176483209116,0.00015942574052321863,10,2026-07-16,0
2026-07-16 11:00:00-03:00,0.008901976717930821,0.008139026743538088,0.008219261704236413,0.0007629499743927338,0.0006827150136944089,11,2026-07-16,0
2026-07-16 12:00:00-03:00,0.005872309410086196,0.005751157999412759,0.008901976717930821,0.000121151410673437,0.0030296673078446254,12,2026-07-16,1
2026-07-16 13:00:00-03:00,0.007802833912110197,0.005555736941765599,0.005872309410086196,0.0022470969703445977,0.0019305245020240008,13,2026-07-16,0
2026-07-16 14:00:00-03:00,0.0043249378443891,0.006401530718174812,0.007802833912110197,0.0020765928737857117,0.0034778960677210964,14,2026-07-16,1
2026-07-16 15:00:00-03:00,0.002333681438091674,0.0041241530596051795,0.0043249378443891,0.0017904716215135057,0.0019912564062974265,15,2026-07-16,1
2026-07-16 16:00:00-03:00,0.0026203214978506345,0.0035377668916924078,0.002333681438091674,0.0009174453938417732,0.0002866400597589607,16,2026-07-16,0
2026-07-16 17:00:00-03:00,0.002370094817819705,0.003790678354628202,0.0026203214978506345,0.001420583536808497,0.00025022668003092967,17,2026-07-16,0
2026-07-16 18:00:00-03:00,0.004535236368184101,0.003158156614040937,0.002370094817819705,0.001377079754143164,0.002165141550364396,18,2026-07-16,1
2026-07-16 19:00:00-03:00,0.004102133472870268,0.004707019658633021,0.004535236368184101,0.0006048861857627531,0.00043310289531383293,19,2026-07-16,0
2026-07-16 20:00:00-03:00,0.00468615972200478,0.005377882236624574,0.004102133472870268,0.0006917225146197935,0.0005840262491345121,20,2026-07-16,0
2026-07-16 21:00:00-03:00,0.009311172462761013,0.004795882098386841,0.00468615972200478,0.004515290364374172,0.004625012740756233,21,2026-07-16,1
2026-07-16 22:00:00-03:00,0.0043746258782016816,0.005537295709109221,0.009311172462761013,0.0011626698309075397,0.0049365465845593315,22,2026-07-16,1
2026-07-16 23:00:00-03:00,0.0037439043574012897,0.005136188388047607,0.0043746258782016816,0.0013922840306463172,0.0006307215208003918,23,2026-07-16,0
2026-07-17 00:00:00-03:00,0.00403238445761515,0.004429968445158575,0.0037439043574012897,0.00039758398754342547,0.00028848010021386,0,2026-07-17,0
2026-07-17 01:00:00-03:00,0.010848386435594265,0.0038281587984912977,0.00403238445761515,0.007020227637102968,0.006816001977979116,1,2026-07-17,0
2026-07-17 02:00:00-03:00,0.004583465717735223,0.005758586919459616,0.010848386435594265,0.0011751212017243927,0.006264920717859042,2,2026-07-17,1
2026-07-17 03:00:00-03:00,0.0029284662549931544,0.004817478762214472,0.004583465717735223,0.0018890125072213177,0.0016549994627420685,3,2026-07-17,0
2026-07-17 04:00:00-03:00,0.004341686808294124,0.004766000840998387,0.0029284662549931544,0.00042431403270426233,0.00141322055330097,4,2026-07-17,1
2026-07-17 05:00:00-03:00,0.0034318439942174176,0.004436016613169908,0.004341686808294124,0.0010041726189524906,0.0009098428140767068,5,2026-07-17,0
2026-07-17 06:00:00-03:00,0.0033624607311943783,0.003589442553281677,0.0034318439942174176,0.00022698182208729864,6.938326302303923e-05,6,2026-07-17,0
2026-07-17 07:00:00-03:00,0.00470836286954359,0.0032623554786851174,0.0033624607311943783,0.0014460073908584723,0.0013459021383492114,7,2026-07-17,0
2026-07-17 08:00:00-03:00,0.004420144295341955,0.004303612831537151,0.00470836286954359,0.00011653146380480404,0.00028821857420163483,8,2026-07-17,1
2026-07-17 09:00:00-03:00,0.010172595587388894,0.00801269118099181,0.004420144295341955,0.0021599044063970833,0.005752451292046939,9,2026-07-17,1
2026-07-17 10:00:00-03:00,0.007380093076265603,0.010970118798765797,0.010172595587388894,0.0035900257225001944,0.002792502511123291,10,2026-07-17,0
2026-07-17 11:00:00-03:00,0.009390405345773128,0.009303199412219423,0.007380093076265603,8.720593355370475e-05,0.002010312269507525,11,2026-07-17,1
2026-07-17 12:00:00-03:00,0.006207189357486523,0.00634880408578797,0.009390405345773128,0.0001416147283014469,0.003183215988286605,12,2026-07-17,1
2026-07-17 13:00:00-03:00,0.009902753885800792,0.004741412619177277,0.006207189357486523,0.005161341266623516,0.003695564528314269,13,2026-07-17,0
2026-07-17 14:00:00-03:00,0.007687396134406384,0.00714809611979083,0.009902753885800792,0.0005393000146155539,0.0022153577513944088,14,2026-07-17,1
2026-07-17 15:00:00-03:00,0.004341124175509129,0.005348276286013044,0.007687396134406384,0.001007152110503915,0.0033462719588972546,15,2026-07-17,1
2026-07-17 16:00:00-03:00,0.0036553337492201713,0.0053253927772545775,0.004341124175509129,0.0016700590280344062,0.0006857904262889576,16,2026-07-17,0
2026-07-17 17:00:00-03:00,0.002380439868975208,0.003901911192150677,0.0036553337492201713,0.001521471323175469,0.0012748938802449633,17,2026-07-17,0
2026-07-17 18:00:00-03:00,0.0038034882630575847,0.002995063992343105,0.002380439868975208,0.0008084242707144798,0.0014230483940823766,18,2026-07-17,1
2026-07-17 19:00:00-03:00,0.0019822726357688327,0.0033740455486883842,0.0038034882630575847,0.0013917729129195515,0.001821215627288752,19,2026-07-17,1
2026-07-17 20:00:00-03:00,0.0018316370948914704,0.0026214074159451855,0.0019822726357688327,0.000789770321053715,0.0001506355408773623,20,2026-07-17,0
2026-07-17 21:00:00-03:00,0.0017723959071179879,0.0020763838639078565,0.0018316370948914704,0.0003039879567898686,5.924118777348255e-05,21,2026-07-17,0
2026-07-17 22:00:00-03:00,0.0015954949700324535,0.0024470218749897284,0.0017723959071179879,0.0008515269049572749,0.0001769009370855344,22,2026-07-17,0
2026-07-17 23:00:00-03:00,0.0014011719233263274,0.0016307284103687302,0.0015954949700324535,0.00022955648704240284,0.0001943230467061261,23,2026-07-17,0
2026-07-18 00:00:00-03:00,0.001106178261971371,0.0016023481407592775,0.0014011719233263274,0.0004961698787879065,0.0002949936613549564,0,2026-07-18,0
2026-07-18 01:00:00-03:00,0.0011194668580124982,0.0017032016859959444,0.001106178261971371,0.0005837348279834462,1.3288596041127233e-05,1,2026-07-18,0
2026-07-18 02:00:00-03:00,0.0008751217378895196,0.002029025168043752,0.0011194668580124982,0.0011539034301542323,0.0002443451201229786,2,2026-07-18,0
2026-07-18 03:00:00-03:00,0.0007982469503262986,0.0013743116845272953,0.0008751217378895196,0.0005760647342009967,7.687478756322101e-05,3,2026-07-18,0
2026-07-18 04:00:00-03:00,0.0009317874993301319,0.0014785356936237368,0.0007982469503262986,0.0005467481942936049,0.0001335405490038333,4,2026-07-18,0
2026-07-18 05:00:00-03:00,0.001848478521517222,0.00155100852674137,0.0009317874993301319,0.00029746999477585205,0.00091669102218709,5,2026-07-18,1
2026-07-18 06:00:00-03:00,0.0006881046006470981,0.0013061840490776854,0.001848478521517222,0.0006180794484305874,0.0011603739208701238,6,2026-07-18,1
2026-07-18 07:00:00-03:00,0.0013458740135187247,0.0011931166082319881,0.0006881046006470981,0.00015275740528673657,0.0006577694128716266,7,2026-07-18,1
2026-07-18 08:00:00-03:00,0.0033822292815099252,0.001246159541186665,0.0013458740135187247,0.00213606974032326,0.0020363552679912005,8,2026-07-18,0
2026-07-18 09:00:00-03:00,0.003977942782266902,0.002494223092046317,0.0033822292815099252,0.0014837196902205852,0.000595713500756977,9,2026-07-18,0
2026-07-18 10:00:00-03:00,0.001459470417615379,0.0030561108978306266,0.003977942782266902,0.0015966404802152476,0.0025184723646515233,10,2026-07-18,1
2026-07-18 11:00:00-03:00,0.0019733911887007505,0.0019165371575473205,0.001459470417615379,5.685403115342994e-05,0.0005139207710853715,11,2026-07-18,1
2026-07-18 12:00:00-03:00,0.00346046644139106,0.002324154296109565,0.0019733911887007505,0.0011363121452814952,0.0014870752526903097,12,2026-07-18,1
2026-07-18 13:00:00-03:00,0.003284414508681627,0.0026024776638958703,0.00346046644139106,0.0006819368447857567,0.0001760519327094331,13,2026-07-18,0
2026-07-18 14:00:00-03:00,0.003216435411419291,0.0030530225708030557,0.003284414508681627,0.0001634128406162354,6.79790972623359e-05,14,2026-07-18,0
2026-07-18 15:00:00-03:00,0.001795429756018314,0.002335869124691285,0.003216435411419291,0.000540439368672971,0.0014210056554009771,15,2026-07-18,1
2026-07-18 16:00:00-03:00,0.0032607850523572344,0.002654352332994294,0.001795429756018314,0.0006064327193629404,0.0014653552963389204,16,2026-07-18,1
2026-07-18 17:00:00-03:00,0.0035912841494093028,0.003021293444772457,0.0032607850523572344,0.0005699907046368457,0.00033049909705206836,17,2026-07-18,0
2026-07-18 18:00:00-03:00,0.002356452159206715,0.0037530864433165285,0.0035912841494093028,0.0013966342841098137,0.001234831990202588,18,2026-07-18,0
2026-07-18 19:00:00-03:00,0.002067118259462427,0.0031659757957224915,0.002356452159206715,0.0010988575362600645,0.0002893338997442879,19,2026-07-18,0
2026-07-18 20:00:00-03:00,0.002113375585411061,0.002928163343579343,0.002067118259462427,0.000814787758168282,4.625732594863404e-05,20,2026-07-18,0
2026-07-18 21:00:00-03:00,0.00040298928496265626,0.0023881583990542363,0.002113375585411061,0.00198516911409158,0.0017103863004484048,21,2026-07-18,0
2026-07-18 22:00:00-03:00,0.0041096158779478096,0.001726463496698395,0.00040298928496265626,0.0023831523812494143,0.0037066265929851534,22,2026-07-18,1
2026-07-18 23:00:00-03:00,0.00343831145649451,0.0026899893790854456,0.0041096158779478096,0.0007483220774090645,0.0006713044214532995,23,2026-07-18,0
2026-07-19 00:00:00-03:00,0.0028513522136916648,0.002460492981702765,0.00343831145649451,0.0003908592319888998,0.0005869592428028453,0,2026-07-19,1
2026-07-19 01:00:00-03:00,0.0021576228048911287,0.002117398860909762,0.0028513522136916648,4.0223943981366854e-05,0.0006937294088005361,1,2026-07-19,1
2026-07-19 02:00:00-03:00,0.0009993557578236367,0.0024150786346381283,0.0021576228048911287,0.0014157228768144916,0.001158267047067492,2,2026-07-19,0
2026-07-19 03:00:00-03:00,0.001684410931363345,0.001953912273440578,0.0009993557578236367,0.00026950134207723276,0.0006850551735397084,3,2026-07-19,1
2026-07-19 04:00:00-03:00,0.0017225208395504003,0.002166919018868118,0.001684410931363345,0.0004443981793177175,3.810990818705522e-05,4,2026-07-19,0
2026-07-19 05:00:00-03:00,0.0034993029761746664,0.0019848066990251468,0.0017225208395504003,0.0015144962771495196,0.0017767821366242661,5,2026-07-19,1
2026-07-19 06:00:00-03:00,0.003374874216270609,0.002108815871771727,0.0034993029761746664,0.0012660583444988821,0.00012442875990405743,6,2026-07-19,0
2026-07-19 07:00:00-03:00,0.0029670699904634145,0.0022525558646446894,0.003374874216270609,0.0007145141258187251,0.00040780422580719445,7,2026-07-19,0
2026-07-19 08:00:00-03:00,0.0028306447045095173,0.002235537483728447,0.0029670699904634145,0.0005951072207810702,0.0001364252859538972,8,2026-07-19,0
2026-07-19 09:00:00-03:00,0.003235100679540188,0.002974101396313439,0.0028306447045095173,0.00026099928322674895,0.00040445597503067053,9,2026-07-19,1
2026-07-19 10:00:00-03:00,0.003681509487008481,0.0031980644124167635,0.003235100679540188,0.00048344507459171767,0.0004464088074682933,10,2026-07-19,0
2026-07-19 11:00:00-03:00,0.001858007361425166,0.002572682200030509,0.003681509487008481,0.0007146748386053429,0.0018235021255833153,11,2026-07-19,1
2026-07-19 12:00:00-03:00,0.002150491983726992,0.002616417404060411,0.001858007361425166,0.00046592542033341896,0.00029248462230182593,12,2026-07-19,0
2026-07-19 13:00:00-03:00,0.005355715898249719,0.0023210116070027553,0.002150491983726992,0.0030347042912469637,0.003205223914522727,13,2026-07-19,1
2026-07-19 14:00:00-03:00,0.004253338133085709,0.002890223309686833,0.005355715898249719,0.001363114823398876,0.0011023777651640101,14,2026-07-19,0
2026-07-19 15:00:00-03:00,0.0017967012800294327,0.0041822466657334195,0.004253338133085709,0.0023855453857039867,0.002456636853056276,15,2026-07-19,1
2026-07-19 16:00:00-03:00,0.0015097002463276739,0.00344330694638043,0.0017967012800294327,0.001933606700052756,0.0002870010337017589,16,2026-07-19,0
2026-07-19 17:00:00-03:00,0.00329965885672375,0.0027985329162503038,0.0015097002463276739,0.0005011259404734464,0.0017899586103960763,17,2026-07-19,1
2026-07-19 18:00:00-03:00,0.008536726975182101,0.0031624513260899803,0.00329965885672375,0.005374275649092122,0.005237068118458352,18,2026-07-19,0
2026-07-19 19:00:00-03:00,0.0030901135833049814,0.006420484683741426,0.008536726975182101,0.0033303711004364447,0.0054466133918771205,19,2026-07-19,1
2026-07-19 20:00:00-03:00,0.010719579191570912,0.0036797861049963515,0.0030901135833049814,0.007039793086574561,0.007629465608265931,20,2026-07-19,1
2026-07-19 21:00:00-03:00,0.008098655675766613,0.006486099359597119,0.010719579191570912,0.0016125563161694936,0.0026209235158042993,21,2026-07-19,1
2026-07-19 22:00:00-03:00,0.00584631142483402,0.008199251597523218,0.008098655675766613,0.0023529401726891976,0.0022523442509325923,22,2026-07-19,0
2026-07-19 23:00:00-03:00,0.004176365581518645,0.00661831807301409,0.00584631142483402,0.002441952491495445,0.001669945843315375,23,2026-07-19,0
2026-07-20 00:00:00-03:00,0.005112952415098757,0.004709595278770265,0.004176365581518645,0.0004033571363284919,0.0009365868335801117,0,2026-07-20,1
2026-07-20 01:00:00-03:00,0.0074741142714571315,0.004431032763226155,0.005112952415098757,0.003043081508230977,0.0023611618563583745,1,2026-07-20,0
2026-07-20 02:00:00-03:00,0.007105512408245664,0.006804974773060173,0.0074741142714571315,0.00030053763518549104,0.00036860186321146723,2,2026-07-20,1
2026-07-20 03:00:00-03:00,0.006533290831784238,0.005368605162802598,0.007105512408245664,0.0011646856689816396,0.0005722215764614267,3,2026-07-20,0
2026-07-20 04:00:00-03:00,0.019609682999169868,0.00451846420216222,0.006533290831784238,0.015091218797007647,0.01307639216738563,4,2026-07-20,0
2026-07-20 05:00:00-03:00,0.00409972040280683,0.007210571301556107,0.019609682999169868,0.0031108508987492773,0.015509962596363037,5,2026-07-20,1
2026-07-20 06:00:00-03:00,0.003941140738008202,0.00473065363771632,0.00409972040280683,0.0007895128997081179,0.00015857966479862744,6,2026-07-20,0
2026-07-20 07:00:00-03:00,0.012225314263358905,0.0051741465198281095,0.003941140738008202,0.007051167743530796,0.008284173525350703,7,2026-07-20,1
2026-07-20 08:00:00-03:00,0.006233601485148551,0.007113114763635829,0.012225314263358905,0.0008795132784872785,0.005991712778210354,8,2026-07-20,1
2026-07-20 09:00:00-03:00,0.008635924307484073,0.007246229259776044,0.006233601485148551,0.0013896950477080283,0.002402322822335522,9,2026-07-20,1
2026-07-20 10:00:00-03:00,0.007724942914036441,0.006663649918262989,0.008635924307484073,0.0010612929957734525,0.0009109813934476312,10,2026-07-20,0
2026-07-20 11:00:00-03:00,0.019339545341946325,0.007532797848036906,0.007724942914036441,0.01180674749390942,0.011614602427909883,11,2026-07-20,0
2026-07-20 12:00:00-03:00,0.004605509208728594,0.009690284756819103,0.019339545341946325,0.0050847755480905085,0.014734036133217731,12,2026-07-20,1
2026-07-20 13:00:00-03:00,0.0046354530205078145,0.0071295113203268465,0.004605509208728594,0.002494058299819032,2.994381177922039e-05,13,2026-07-20,0
2026-07-20 14:00:00-03:00,0.009120170275878253,0.005670340371501933,0.0046354530205078145,0.00344982990437632,0.004484717255370438,14,2026-07-20,1
2026-07-20 15:00:00-03:00,0.003584937521107716,0.005644608468789656,0.009120170275878253,0.0020596709476819403,0.005535232754770537,15,2026-07-20,1
2026-07-20 16:00:00-03:00,0.005753310739054463,0.004663017663464888,0.003584937521107716,0.0010902930755895745,0.002168373217946747,16,2026-07-20,1
2026-07-20 17:00:00-03:00,0.002649112321443352,0.004492178339390208,0.005753310739054463,0.0018430660179468562,0.003104198417611111,17,2026-07-20,1
2026-07-20 18:00:00-03:00,0.0029682851260760274,0.003947848707668583,0.002649112321443352,0.0009795635815925555,0.00031917280463267554,18,2026-07-20,0
2026-07-20 19:00:00-03:00,0.0022073231823642307,0.005159026752717757,0.0029682851260760274,0.002951703570353526,0.0007609619437117967,19,2026-07-20,0
2026-07-20 20:00:00-03:00,0.006653396984291578,0.0038488956765936146,0.0022073231823642307,0.002804501307697963,0.0044460738019273475,20,2026-07-20,1
2026-07-20 21:00:00-03:00,0.006532174558197139,0.004833854118114819,0.006653396984291578,0.0016983204400823192,0.00012122242609443907,21,2026-07-20,0
2026-07-20 22:00:00-03:00,0.004950009944352944,0.005389773578087059,0.006532174558197139,0.0004397636337341148,0.0015821646138441947,22,2026-07-20,1
2026-07-20 23:00:00-03:00,0.0027661873894066877,0.004366841887089302,0.004950009944352944,0.0016006544976826143,0.0021838225549462562,23,2026-07-20,1
2026-07-21 00:00:00-03:00,0.004134335927728704,0.004556850916462439,0.0027661873894066877,0.0004225149887337352,0.0013681485383220163,0,2026-07-21,1
2026-07-21 01:00:00-03:00,0.0068088118365557,0.004845916732110925,0.004134335927728704,0.001962895104444775,0.0026744759088269962,1,2026-07-21,1
2026-07-21 02:00:00-03:00,0.005416989061338475,0.00443188250216313,0.0068088118365557,0.0009851065591753444,0.0013918227752172255,2,2026-07-21,1
2026-07-21 03:00:00-03:00,0.005735881714285878,0.005199535749425899,0.005416989061338475,0.0005363459648599789,0.00031889265294740305,3,2026-07-21,0
2026-07-21 04:00:00-03:00,0.0033945656749781155,0.006337888094898904,0.005735881714285878,0.002943322419920788,0.0023413160393077623,4,2026-07-21,0
2026-07-21 05:00:00-03:00,0.0031074644161383598,0.00486435072902695,0.0033945656749781155,0.00175688631288859,0.00028710125883975573,5,2026-07-21,0
2026-07-21 06:00:00-03:00,0.003688425506195093,0.003700604235519439,0.0031074644161383598,1.2178729324345983e-05,0.0005809610900567334,6,2026-07-21,1
2026-07-21 07:00:00-03:00,0.003047376622922383,0.004019489537897952,0.003688425506195093,0.0009721129149755691,0.0006410488832727101,7,2026-07-21,0
2026-07-21 08:00:00-03:00,0.005773389612376001,0.003497824789829928,0.003047376622922383,0.002275564822546073,0.002726012989453618,8,2026-07-21,1
2026-07-21 09:00:00-03:00,0.007416973617225254,0.006679233355414733,0.005773389612376001,0.0007377402618105209,0.001643584004849253,9,2026-07-21,1
2026-07-21 10:00:00-03:00,0.004606065320911909,0.008144422482369617,0.007416973617225254,0.0035383571614577072,0.0028109082963133445,10,2026-07-21,0
2026-07-21 11:00:00-03:00,0.004870978608068128,0.00801406919781727,0.004606065320911909,0.003143090589749142,0.0002649132871562184,11,2026-07-21,0
2026-07-21 12:00:00-03:00,0.0045336772964927425,0.0054908764672328015,0.004870978608068128,0.000957199170740059,0.0003373013115753852,12,2026-07-21,0
2026-07-21 13:00:00-03:00,0.00777791790864982,0.004291205434518323,0.0045336772964927425,0.0034867124741314965,0.0032442406121570774,13,2026-07-21,0
2026-07-21 14:00:00-03:00,0.003909683285346168,0.004765881331831557,0.00777791790864982,0.0008561980464853883,0.0038682346233036517,14,2026-07-21,1
2026-07-21 15:00:00-03:00,0.003592156853302015,0.0037737546446368875,0.003909683285346168,0.00018159779133487255,0.0003175264320441533,15,2026-07-21,1
2026-07-21 16:00:00-03:00,0.002058531256771688,0.0035591172019998336,0.003592156853302015,0.0015005859452281458,0.0015336255965303271,16,2026-07-21,1
2026-07-21 17:00:00-03:00,0.001781426527076821,0.0027104077077791046,0.002058531256771688,0.0009289811807022836,0.00027710472969486684,17,2026-07-21,0
2026-07-21 18:00:00-03:00,0.0027803744026381177,0.002668946590709748,0.001781426527076821,0.00011142781192836947,0.0009989478755612967,18,2026-07-21,1
2026-07-21 19:00:00-03:00,0.005220403340577297,0.002844621588789672,0.0027803744026381177,0.0023757817517876248,0.002440028937939179,19,2026-07-21,1
2026-07-21 20:00:00-03:00,0.0032174554048073124,0.004055453673506668,0.005220403340577297,0.0008379982686993553,0.0020029479357699842,20,2026-07-21,1
2026-07-21 21:00:00-03:00,0.005707077625227099,0.004557499162153747,0.0032174554048073124,0.0011495784630733523,0.0024896222204197865,21,2026-07-21,1
2026-07-21 22:00:00-03:00,0.0035325809948167112,0.003597928887310668,0.005707077625227099,6.534789249395666e-05,0.0021744966304103877,22,2026-07-21,1
2026-07-21 23:00:00-03:00,0.0029492523787948057,0.004760499400488911,0.0035325809948167112,0.001811247021694105,0.0005833286160219055,23,2026-07-21,0
2026-07-22 00:00:00-03:00,0.003404586097990315,0.0034988104969336997,0.0029492523787948057,9.42243989433848e-05,0.0004553337191955092,0,2026-07-22,1
2026-07-22 01:00:00-03:00,0.0066167587976640845,0.0036184549043396207,0.003404586097990315,0.002998303893324464,0.0032121726996737696,1,2026-07-22,1
2026-07-22 02:00:00-03:00,0.0029725030951249626,0.004614843638418046,0.0066167587976640845,0.0016423405432930836,0.003644255702539122,2,2026-07-22,1
2026-07-22 03:00:00-03:00,0.004068739987619035,0.003661057811483229,0.0029725030951249626,0.0004076821761358064,0.0010962368924940726,3,2026-07-22,1
2026-07-22 04:00:00-03:00,0.004866039198666026,0.0035349253454333503,0.004068739987619035,0.001331113853232676,0.0007972992110469911,4,2026-07-22,0
2026-07-22 05:00:00-03:00,0.003526574444848926,0.004548121191574335,0.004866039198666026,0.0010215467467254088,0.0013394647538171002,5,2026-07-22,1
2026-07-22 06:00:00-03:00,0.0033061795396603848,0.004292370065040998,0.003526574444848926,0.0009861905253806132,0.00022039490518854137,6,2026-07-22,0
2026-07-22 07:00:00-03:00,0.0027786799520580835,0.0023932670848086984,0.0033061795396603848,0.00038541286724938506,0.0005274995876023013,7,2026-07-22,1
2026-07-22 08:00:00-03:00,0.0070037773472213976,0.0029148855857284574,0.0027786799520580835,0.004088891761492941,0.004225097395163314,8,2026-07-22,1
2026-07-22 09:00:00-03:00,0.0064080529614310685,0.0056563541680845816,0.0070037773472213976,0.0007516987933464869,0.0005957243857903291,9,2026-07-22,0
2026-07-22 10:00:00-03:00,0.00937745368193254,0.006274072198080784,0.0064080529614310685,0.003103381483851757,0.0029694007205014724,10,2026-07-22,0
2026-07-22 11:00:00-03:00,0.005011855881057587,0.0060047915777288645,0.00937745368193254,0.0009929356966712774,0.004365597800874954,11,2026-07-22,1
2026-07-22 12:00:00-03:00,0.007132825932321715,0.004419146262172919,0.005011855881057587,0.002713679670148796,0.002120970051264128,12,2026-07-22,0
2026-07-22 13:00:00-03:00,0.005017718548837349,0.0037694791159106097,0.007132825932321715,0.0012482394329267391,0.0021151073834843664,13,2026-07-22,1
2026-07-22 14:00:00-03:00,0.005308863463431346,0.0036164125202704897,0.005017718548837349,0.0016924509431608561,0.000291144914593997,14,2026-07-22,0
2026-07-22 15:00:00-03:00,0.004044555489502323,0.0029450927832283236,0.005308863463431346,0.0010994627062739996,0.0012643079739290226,15,2026-07-22,1
2026-07-22 16:00:00-03:00,0.0029461611464134296,0.002945966502502714,0.004044555489502323,1.9464391071578185e-07,0.0010983943430888936,16,2026-07-22,1
2026-07-22 17:00:00-03:00,0.0036526559397582156,0.0029202200733815793,0.0029461611464134296,0.0007324358663766363,0.0007064947933447859,17,2026-07-22,0
2026-07-22 18:00:00-03:00,0.0022551574196481286,0.0026428185289840687,0.0036526559397582156,0.0003876611093359401,0.001397498520110087,18,2026-07-22,1
2026-07-22 19:00:00-03:00,0.004445924032689389,0.0025873701898814195,0.0022551574196481286,0.0018585538428079694,0.0021907666130412604,19,2026-07-22,1
2026-07-22 20:00:00-03:00,0.00391412480420668,0.0029951118751060262,0.004445924032689389,0.0009190129291006539,0.0005317992284827088,20,2026-07-22,0
2026-07-22 21:00:00-03:00,0.006942123651830472,0.004170804760529087,0.00391412480420668,0.002771318891301385,0.003027998847623792,21,2026-07-22,1
2026-07-22 22:00:00-03:00,0.0028876076014500355,0.004340640000880698,0.006942123651830472,0.0014530323994306625,0.004054516050380437,22,2026-07-22,1
2026-07-22 23:00:00-03:00,0.003516312880420529,0.003639887166366448,0.0028876076014500355,0.00012357428594591885,0.0006287052789704936,23,2026-07-22,1
2026-07-23 00:00:00-03:00,0.0022687897918329345,0.0038531336712649424,0.003516312880420529,0.001584343879432008,0.0012475230885875947,0,2026-07-23,0
2026-07-23 01:00:00-03:00,0.0034679022289350963,0.003968750286002822,0.0022687897918329345,0.0005008480570677259,0.0011991124371021618,1,2026-07-23,1
2026-07-23 02:00:00-03:00,0.002978720170238656,0.0031650422881389297,0.0034679022289350963,0.0001863221179002738,0.0004891820586964404,2,2026-07-23,1
2026-07-23 03:00:00-03:00,0.006707911249221308,0.0028098275961818547,0.002978720170238656,0.0038980836530394533,0.003729191078982652,3,2026-07-23,0
2026-07-23 04:00:00-03:00,0.003751771212652252,0.004709214848025875,0.006707911249221308,0.0009574436353736232,0.0029561400365690563,4,2026-07-23,1
2026-07-23 05:00:00-03:00,0.00228233493177542,0.003951976678206235,0.003751771212652252,0.0016696417464308155,0.001469436280876832,5,2026-07-23,0
2026-07-23 06:00:00-03:00,0.0030787952540309426,0.004227552413627349,0.00228233493177542,0.0011487571595964067,0.0007964603222555228,6,2026-07-23,0
2026-07-23 07:00:00-03:00,0.0030368295670168965,0.0032204278224092367,0.0030787952540309426,0.00018359825539234018,4.196568701404606e-05,7,2026-07-23,0
2026-07-23 08:00:00-03:00,0.009227977824372575,0.0037411809041318616,0.0030368295670168965,0.005486796920240714,0.006191148257355679,8,2026-07-23,1
2026-07-23 09:00:00-03:00,0.005512792848335362,0.006169764765610901,0.009227977824372575,0.0006569719172755395,0.0037151849760372136,9,2026-07-23,1
2026-07-23 10:00:00-03:00,0.006071638587527137,0.00867002677221496,0.005512792848335362,0.0025983881846878224,0.0005588457391917752,10,2026-07-23,0
2026-07-23 11:00:00-03:00,0.004551839055050039,0.0062635171297578274,0.006071638587527137,0.001711678074707788,0.0015197995324770976,11,2026-07-23,0
2026-07-23 12:00:00-03:00,0.003962206926712325,0.005595864132613836,0.004551839055050039,0.0016336572059015104,0.0005896321283377142,12,2026-07-23,0
2026-07-23 13:00:00-03:00,0.0038651065447539916,0.004637516616424321,0.003962206926712325,0.0007724100716703292,9.710038195833359e-05,13,2026-07-23,0
2026-07-23 14:00:00-03:00,0.004132166429882244,0.003929874367538588,0.0038651065447539916,0.00020229206234365603,0.0002670598851282524,14,2026-07-23,1
2026-07-23 15:00:00-03:00,0.003827320148028609,0.003576997949340289,0.004132166429882244,0.00025032219868832,0.00030484628185363516,15,2026-07-23,1
2026-07-23 16:00:00-03:00,0.005885260370697317,0.004226233171746194,0.003827320148028609,0.0016590271989511234,0.0020579402226687084,16,2026-07-23,1
2026-07-23 17:00:00-03:00,0.0030128981502324246,0.003000858719094457,0.005885260370697317,1.2039431137967488e-05,0.0028723622204648927,17,2026-07-23,1
2026-07-23 18:00:00-03:00,0.0032832055866491815,0.0037005001462861865,0.0030128981502324246,0.00041729455963700505,0.0002703074364167569,18,2026-07-23,0
2026-07-23 19:00:00-03:00,0.0028175560995818867,0.003550724430575601,0.0032832055866491815,0.0007331683309937144,0.00046564948706729475,19,2026-07-23,0
2026-07-23 20:00:00-03:00,0.005412627422142311,0.003019407908355162,0.0028175560995818867,0.0023932195137871494,0.0025950713225604246,20,2026-07-23,1
2026-07-23 21:00:00-03:00,0.00343591555787723,0.004532583594204114,0.005412627422142311,0.0010966680363268836,0.0019767118642650813,21,2026-07-23,1
2026-07-23 22:00:00-03:00,0.004025370337296036,0.004426152841945701,0.00343591555787723,0.00040078250464966464,0.0005894547794188061,22,2026-07-23,1
2026-07-23 23:00:00-03:00,0.005902375157928808,0.0041158885544330965,0.004025370337296036,0.0017864866034957112,0.0018770048206327716,23,2026-07-23,1
2026-07-24 00:00:00-03:00,0.0030251997917878463,0.0033489166832626344,0.005902375157928808,0.000323716891474788,0.0028771753661409613,0,2026-07-24,1
2026-07-24 01:00:00-03:00,0.0022349789513968618,0.003963177086867835,0.0030251997917878463,0.0017281981354709732,0.0007902208403909846,1,2026-07-24,0
2026-07-24 02:00:00-03:00,0.0036940982404692173,0.0033221404882170526,0.0022349789513968618,0.00037195775225216466,0.0014591192890723555,2,2026-07-24,1
2026-07-24 03:00:00-03:00,0.007448860647985139,0.0034139041540467113,0.0036940982404692173,0.004034956493938428,0.003754762407515922,3,2026-07-24,0
2026-07-24 04:00:00-03:00,0.0031544123029276813,0.0036322875629036157,0.007448860647985139,0.00047787525997593444,0.004294448345057458,4,2026-07-24,1
2026-07-24 05:00:00-03:00,0.005563854786277455,0.003503561607093273,0.0031544123029276813,0.0020602931791841817,0.0024094424833497733,5,2026-07-24,1
2026-07-24 06:00:00-03:00,0.0038666666666666576,0.004074225399126981,0.005563854786277455,0.00020755873246032378,0.001697188119610797,6,2026-07-24,1
2026-07-24 07:00:00-03:00,0.0037313644963087923,0.0035097346539157046,0.0038666666666666576,0.00022162984239308767,0.0001353021703578653,7,2026-07-24,0
2026-07-24 08:00:00-03:00,0.005680610422875791,0.00470771337343454,0.0037313644963087923,0.0009728970494412509,0.0019492459265669985,8,2026-07-24,1
2026-07-24 09:00:00-03:00,0.01374769972812911,0.005456534503654601,0.005680610422875791,0.008291165224474508,0.008067089305253319,9,2026-07-24,0
2026-07-24 10:00:00-03:00,0.007158678338281201,0.008886784804867421,0.01374769972812911,0.0017281064665862203,0.006589021389847909,10,2026-07-24,1
2026-07-24 11:00:00-03:00,0.007416156152267366,0.006881960791348482,0.007158678338281201,0.0005341953609188845,0.0002574778139861657,11,2026-07-24,0
2026-07-24 12:00:00-03:00,0.00498045592420027,0.006779373176553765,0.007416156152267366,0.0017989172523534946,0.0024357002280670963,12,2026-07-24,1
2026-07-24 13:00:00-03:00,0.004633842318479299,0.004865340117160588,0.00498045592420027,0.00023149779868128842,0.00034661360572097073,13,2026-07-24,1
2026-07-24 14:00:00-03:00,0.0024948655713218594,0.004919662759902875,0.004633842318479299,0.0024247971885810156,0.00213897674715744,14,2026-07-24,0
2026-07-24 15:00:00-03:00,0.0023551459144150943,0.003494014595794374,0.0024948655713218594,0.0011388686813792797,0.00013971965690676505,15,2026-07-24,0
2026-07-24 16:00:00-03:00,0.0024798103419607096,0.004695652062707326,0.0023551459144150943,0.0022158417207466165,0.00012466442754561526,16,2026-07-24,0
2026-07-24 17:00:00-03:00,0.0021267243394903334,0.00294055151324537,0.0024798103419607096,0.0008138271737550364,0.0003530860024703762,17,2026-07-24,0
2026-07-24 18:00:00-03:00,0.0014712709452739915,0.0034232611634094894,0.0021267243394903334,0.001951990218135498,0.0006554533942163419,18,2026-07-24,0
2026-07-24 19:00:00-03:00,0.0008214843812729364,0.0020742220666827463,0.0014712709452739915,0.00125273768540981,0.000649786564001055,19,2026-07-24,0
2026-07-24 20:00:00-03:00,0.002276288162942568,0.0017356970011993668,0.0008214843812729364,0.0005405911617432011,0.0014548037816696315,20,2026-07-24,1
2026-07-24 21:00:00-03:00,0.0023951110702517073,0.0019173751258121144,0.002276288162942568,0.0004777359444395929,0.00011882290730913948,21,2026-07-24,0
2026-07-24 22:00:00-03:00,0.0012820833073127356,0.0021339422374502892,0.0023951110702517073,0.0008518589301375536,0.0011130277629389717,22,2026-07-24,1
2026-07-24 23:00:00-03:00,0.0013881485568622712,0.0016579239838925152,0.0012820833073127356,0.00026977542703024394,0.00010606524954953557,23,2026-07-24,0
2026-07-25 00:00:00-03:00,0.0018778008477837182,0.00122370176099834,0.0013881485568622712,0.0006540990867853781,0.000489652290921447,0,2026-07-25,0
2026-07-25 01:00:00-03:00,0.0034323066350118708,0.0015718914864294715,0.0018778008477837182,0.0018604151485823992,0.0015545057872281525,1,2026-07-25,0
2026-07-25 02:00:00-03:00,0.0015435088267458665,0.0020119961889046205,0.0034323066350118708,0.000468487362158754,0.0018887978082660043,2,2026-07-25,1
2026-07-25 03:00:00-03:00,0.0006018449077545623,0.0021724055973738844,0.0015435088267458665,0.001570560689619322,0.0009416639189913042,3,2026-07-25,0
2026-07-25 04:00:00-03:00,0.0031312200533345678,0.0021542654227133893,0.0006018449077545623,0.0009769546306211785,0.0025293751455800055,4,2026-07-25,1
2026-07-25 05:00:00-03:00,0.0030425004753907177,0.0022212226677335656,0.0031312200533345678,0.0008212778076571521,8.871957794385002e-05,5,2026-07-25,0
2026-07-25 06:00:00-03:00,0.0011549867332604964,0.002098248869967407,0.0030425004753907177,0.0009432621367069108,0.0018875137421302214,6,2026-07-25,1
2026-07-25 07:00:00-03:00,0.0010288147744732727,0.001745961057265656,0.0011549867332604964,0.0007171462827923834,0.00012617195878722367,7,2026-07-25,0
2026-07-25 08:00:00-03:00,0.0012600625664730242,0.0014821422841368214,0.0010288147744732727,0.00022207971766379712,0.00023124779199975155,8,2026-07-25,1
2026-07-25 09:00:00-03:00,0.0025095057034220667,0.0018127868825691643,0.0012600625664730242,0.0006967188208529024,0.0012494431369490424,9,2026-07-25,1
2026-07-25 10:00:00-03:00,0.0014185371298861824,0.0022769815040143034,0.0025095057034220667,0.0008584443741281209,0.0010909685735358843,10,2026-07-25,1
2026-07-25 11:00:00-03:00,0.0015893864323330846,0.001885373478841791,0.0014185371298861824,0.00029598704650870633,0.0001708493024469022,11,2026-07-25,0
2026-07-25 12:00:00-03:00,0.0018488753492631462,0.0021444842598934612,0.0015893864323330846,0.000295608910630315,0.0002594889169300616,12,2026-07-25,0
2026-07-25 13:00:00-03:00,0.0025149609288690282,0.002036372910134108,0.0018488753492631462,0.00047858801873492014,0.000666085579605882,13,2026-07-25,1
2026-07-25 14:00:00-03:00,0.0032269937945531126,0.0018473890738822166,0.0025149609288690282,0.001379604720670896,0.0007120328656840843,14,2026-07-25,0
2026-07-25 15:00:00-03:00,0.0007724996342508577,0.002289221045132064,0.0032269937945531126,0.0015167214108812062,0.0024544941603022548,15,2026-07-25,1
2026-07-25 16:00:00-03:00,0.0012393582505371558,0.001893290028975098,0.0007724996342508577,0.0006539317784379423,0.00046685861628629804,16,2026-07-25,0
2026-07-25 17:00:00-03:00,0.0025949575422859993,0.0020201676714539695,0.0012393582505371558,0.0005747898708320298,0.0013555992917488435,17,2026-07-25,1
2026-07-25 18:00:00-03:00,0.0012728994597279693,0.0021023778577744846,0.0025949575422859993,0.0008294783980465153,0.00132205808255803,18,2026-07-25,1
2026-07-25 19:00:00-03:00,0.0010311456310679204,0.0021818048856949144,0.0012728994597279693,0.001150659254626994,0.00024175382866004893,19,2026-07-25,0
2026-07-25 20:00:00-03:00,0.0024338447662803674,0.0011904060116561285,0.0010311456310679204,0.0012434387546242389,0.001402699135212447,20,2026-07-25,1
2026-07-25 21:00:00-03:00,0.0013184511805405547,0.0024353689926125,0.0024338447662803674,0.001116917812071945,0.0011153935857398127,21,2026-07-25,0
2026-07-25 22:00:00-03:00,0.0015497254196501465,0.001529016791023653,0.0013184511805405547,2.070862862649345e-05,0.00023127423910959178,22,2026-07-25,1
2026-07-25 23:00:00-03:00,0.0014447697383706925,0.001527910059325922,0.0015497254196501465,8.31403209552294e-05,0.00010495568127945397,23,2026-07-25,1
2026-07-26 00:00:00-03:00,0.0016770478750522454,0.001888837141119143,0.0014447697383706925,0.00021178926606689767,0.00023227813668155284,0,2026-07-26,1
2026-07-26 01:00:00-03:00,0.001957847293189225,0.0017787228652928562,0.0016770478750522454,0.00017912442789636885,0.00028079941813697966,1,2026-07-26,1
2026-07-26 02:00:00-03:00,0.002541047208169174,0.0021206988722183373,0.001957847293189225,0.00042034833595083667,0.000583199914979949,2,2026-07-26,1
2026-07-26 03:00:00-03:00,0.0018333074413547,0.002136674021490979,0.002541047208169174,0.0003033665801362791,0.0007077397668144741,3,2026-07-26,1
2026-07-26 04:00:00-03:00,0.00218656913980004,0.0022650781732851013,0.0018333074413547,7.850903348506156e-05,0.00035326169844533987,4,2026-07-26,1
2026-07-26 05:00:00-03:00,0.0010945489479066506,0.001788286771101776,0.00218656913980004,0.0006937378231951254,0.0010920201918933892,5,2026-07-26,1
2026-07-26 06:00:00-03:00,0.0011797183308171473,0.0018761893573009134,0.0010945489479066506,0.0006964710264837661,8.516938291049667e-05,6,2026-07-26,0
2026-07-26 07:00:00-03:00,0.0006327961077303549,0.0018875546345110189,0.0011797183308171473,0.001254758526780664,0.0005469222230867923,7,2026-07-26,0
2026-07-26 08:00:00-03:00,0.0035520680686624262,0.0018260979595712825,0.0006327961077303549,0.0017259701090911437,0.002919271960932071,8,2026-07-26,1
2026-07-26 09:00:00-03:00,0.002439939241761962,0.002216064893983935,0.0035520680686624262,0.00022387434777802707,0.0011121288269004643,9,2026-07-26,1
2026-07-26 10:00:00-03:00,0.0038669206908845542,0.002672289190614196,0.002439939241761962,0.0011946315002703584,0.0014269814491225923,10,2026-07-26,1
2026-07-26 11:00:00-03:00,0.0023712327075099083,0.002705136300784791,0.0038669206908845542,0.00033390359327488276,0.001495687983374646,11,2026-07-26,1
2026-07-26 12:00:00-03:00,0.0036654521097590166,0.002525382866279351,0.0023712327075099083,0.0011400692434796657,0.0012942194022491083,12,2026-07-26,1
2026-07-26 13:00:00-03:00,0.001940424005984704,0.0024966687810164096,0.0036654521097590166,0.0005562447750317055,0.0017250281037743125,13,2026-07-26,1
2026-07-26 14:00:00-03:00,0.0015614577601576545,0.002664927306360008,0.001940424005984704,0.0011034695462023537,0.0003789662458270496,14,2026-07-26,0
2026-07-26 15:00:00-03:00,0.0012534098187941996,0.0020834547512583903,0.0015614577601576545,0.0008300449324641908,0.00030804794136345495,15,2026-07-26,0
2026-07-26 16:00:00-03:00,0.0011104573246563424,0.0017735421726273945,0.0012534098187941996,0.0006630848479710521,0.00014295249413785716,16,2026-07-26,0
2026-07-26 17:00:00-03:00,0.004239568213769109,0.001845544862917544,0.0011104573246563424,0.002394023350851565,0.003129110889112767,17,2026-07-26,1
2026-07-26 18:00:00-03:00,0.00985389988607713,0.003513317551421717,0.004239568213769109,0.006340582334655412,0.00561433167230802,18,2026-07-26,0
2026-07-26 19:00:00-03:00,0.004636697956681614,0.006399893207019741,0.00985389988607713,0.0017631952503381274,0.005217201929395516,19,2026-07-26,1
2026-07-26 20:00:00-03:00,0.0054251408103088965,0.005812854442580765,0.004636697956681614,0.00038771363227186814,0.0007884428536272829,20,2026-07-26,1
2026-07-26 21:00:00-03:00,0.005117917449887076,0.006998791664006,0.0054251408103088965,0.0018808742141189242,0.00030722336042182056,21,2026-07-26,0
2026-07-26 22:00:00-03:00,0.002509666728042682,0.00555570608785852,0.005117917449887076,0.0030460393598158377,0.002608250721844394,22,2026-07-26,0
2026-07-26 23:00:00-03:00,0.003151461307518002,0.003330508685307405,0.002509666728042682,0.00017904737778940295,0.0006417945794753199,23,2026-07-26,1
2026-07-27 00:00:00-03:00,0.003941466971392122,0.002972558718775607,0.003151461307518002,0.0009689082526165155,0.0007900056638741205,0,2026-07-27,0
2026-07-27 01:00:00-03:00,0.003216514598344949,0.002954618332288594,0.003941466971392122,0.00026189626605635464,0.0007249523730471735,1,2026-07-27,1
2026-07-27 02:00:00-03:00,0.005192858833118674,0.0035428610402992787,0.003216514598344949,0.001649997792819395,0.001976344234773725,2,2026-07-27,1
2026-07-27 03:00:00-03:00,0.0035242714918694343,0.004164376912476157,0.005192858833118674,0.0006401054206067228,0.0016685873412492394,3,2026-07-27,1
2026-07-27 04:00:00-03:00,0.001981953557065706,0.003565445769617547,0.0035242714918694343,0.0015834922125518413,0.0015423179348037284,4,2026-07-27,0
2026-07-27 05:00:00-03:00,0.003802662399978399,0.0036509794412853303,0.001981953557065706,0.0001516829586930687,0.001820708842912693,5,2026-07-27,1
2026-07-27 06:00:00-03:00,0.003091682884774743,0.0033233730876626863,0.003802662399978399,0.0002316902028879431,0.0007109795152036558,6,2026-07-27,1
2026-07-27 07:00:00-03:00,0.003707481890772763,0.0031845151782785098,0.003091682884774743,0.0005229667124942534,0.00061579900599802,7,2026-07-27,1
2026-07-27 08:00:00-03:00,0.006449313216359925,0.0037279857532394912,0.003707481890772763,0.0027213274631204334,0.0027418313255871615,8,2026-07-27,1
2026-07-27 09:00:00-03:00,0.012341497364889098,0.004594865905349779,0.006449313216359925,0.007746631459539319,0.005892184148529173,9,2026-07-27,0
2026-07-27 10:00:00-03:00,0.015027335286829235,0.01085527724313079,0.012341497364889098,0.004172058043698445,0.002685837921940137,10,2026-07-27,0
2026-07-27 11:00:00-03:00,0.005545588879761272,0.008878736120674507,0.015027335286829235,0.0033331472409132345,0.009481746407067962,11,2026-07-27,1
2026-07-27 12:00:00-03:00,0.0069824396611818185,0.008073093431469168,0.005545588879761272,0.0010906537702873491,0.0014368507814205463,12,2026-07-27,1
2026-07-27 13:00:00-03:00,0.004546768131127996,0.004300324692266834,0.0069824396611818185,0.0002464434388611625,0.0024356715300538224,13,2026-07-27,1
2026-07-27 14:00:00-03:00,0.004664909522488385,0.0042595235887812385,0.004546768131127996,0.0004053859337071466,0.00011814139136038897,14,2026-07-27,0
2026-07-27 15:00:00-03:00,0.004110242521235975,0.0037363622459730137,0.004664909522488385,0.0003738802752629609,0.0005546670012524105,15,2026-07-27,1
2026-07-27 16:00:00-03:00,0.0022781483867541034,0.0036217438639072784,0.004110242521235975,0.001343595477153175,0.0018320941344818712,16,2026-07-27,1
2026-07-27 17:00:00-03:00,0.0026283047611701813,0.0028769447570528056,0.0022781483867541034,0.00024863999588262435,0.0003501563744160779,17,2026-07-27,1
2026-07-27 18:00:00-03:00,0.016134625031351924,0.0032381546539947633,0.0026283047611701813,0.012896470377357161,0.013506320270181744,18,2026-07-27,1
2026-07-27 19:00:00-03:00,0.005249870364857428,0.0069824024162864875,0.016134625031351924,0.001732532051429059,0.010884754666494495,19,2026-07-27,1
2026-07-27 20:00:00-03:00,0.005641864242434856,0.0058268739636449995,0.005249870364857428,0.00018500972121014356,0.0003919938775774276,20,2026-07-27,1
2026-07-27 21:00:00-03:00,0.0074409904155931525,0.006374433277404842,0.005641864242434856,0.0010665571381883107,0.0017991261731582966,21,2026-07-27,1
2026-07-27 22:00:00-03:00,0.0031326762953388953,0.006151062338223862,0.0074409904155931525,0.0030183860428849665,0.004308314120254257,22,2026-07-27,1
2026-07-27 23:00:00-03:00,0.0032738784503557393,0.0038213710325468828,0.0031326762953388953,0.0005474925821911435,0.00014120215501684397,23,2026-07-27,0
2026-07-28 00:00:00-03:00,0.002219224810361905,0.0037516399571768033,0.0032738784503557393,0.0015324151468148984,0.0010546536399938344,0,2026-07-28,0
2026-07-28 01:00:00-03:00,0.00473447403462266,0.003075982606083739,0.002219224810361905,0.0016584914285389207,0.0025152492242607547,1,2026-07-28,1
2026-07-28 02:00:00-03:00,0.004173277354419713,0.004078247220958638,0.00473447403462266,9.503013346107494e-05,0.0005611966802029468,2,2026-07-28,1
2026-07-28 03:00:00-03:00,0.003356061373108228,0.003779189734997827,0.004173277354419713,0.00042312836188959906,0.0008172159813114848,3,2026-07-28,1
2026-07-28 04:00:00-03:00,0.002211165780203342,0.0045341391459088895,0.003356061373108228,0.0023229733657055473,0.0011448955929048857,4,2026-07-28,0
2026-07-28 05:00:00-03:00,0.003352368260776835,0.0032799830239390215,0.002211165780203342,7.238523683781358e-05,0.001141202480573493,5,2026-07-28,1
2026-07-28 06:00:00-03:00,0.004114790005966277,0.003100311314147073,0.003352368260776835,0.001014478691819204,0.0007624217451894419,6,2026-07-28,0
2026-07-28 07:00:00-03:00,0.003798266351457841,0.003670151030664049,0.004114790005966277,0.00012811532079379196,0.00031652365450843614,7,2026-07-28,1
2026-07-28 08:00:00-03:00,0.003226605965853446,0.005103501977225889,0.003798266351457841,0.0018768960113724428,0.0005716603856043951,8,2026-07-28,0
2026-07-28 09:00:00-03:00,0.013398992139959414,0.004828930746382984,0.003226605965853446,0.00857006139357643,0.010172386174105968,9,2026-07-28,1
2026-07-28 10:00:00-03:00,0.009219325227143922,0.007751508138822834,0.013398992139959414,0.001467817088321088,0.004179666912815492,10,2026-07-28,1
2026-07-28 11:00:00-03:00,0.011846678013723836,0.008434691048211049,0.009219325227143922,0.0034119869655127866,0.0026273527865799135,11,2026-07-28,0
2026-07-28 12:00:00-03:00,0.005095774325042144,0.009507803713940322,0.011846678013723836,0.004412029388898178,0.0067509036886816915,12,2026-07-28,1
2026-07-28 13:00:00-03:00,0.00846765405455647,0.0047397764092113725,0.005095774325042144,0.0037278776453450978,0.003371879729514326,13,2026-07-28,0
2026-07-28 14:00:00-03:00,0.0027744789359731986,0.005633931521356963,0.00846765405455647,0.002859452585383764,0.005693175118583272,14,2026-07-28,1
2026-07-28 15:00:00-03:00,0.0035689471707561296,0.003746550705985401,0.0027744789359731986,0.00017760353522927163,0.0007944682347829309,15,2026-07-28,1
2026-07-28 16:00:00-03:00,0.0021651330503124635,0.003796618059167369,0.0035689471707561296,0.0016314850088549053,0.001403814120443666,16,2026-07-28,0
2026-07-28 17:00:00-03:00,0.002834032905419942,0.003365242103736912,0.0021651330503124635,0.00053120919831697,0.0006688998551074785,17,2026-07-28,1
2026-07-28 18:00:00-03:00,0.003955398643321326,0.0032774936498350528,0.002834032905419942,0.0006779049934862729,0.0011213657379013837,18,2026-07-28,1
2026-07-28 19:00:00-03:00,0.006170695454901063,0.004475944794337176,0.003955398643321326,0.0016947506605638875,0.0022152968115797377,19,2026-07-28,1
2026-07-28 20:00:00-03:00,0.005104607234044337,0.0039881852663123975,0.006170695454901063,0.001116421967731939,0.0010660882208567268,20,2026-07-28,0
2026-07-28 21:00:00-03:00,0.004850478125285496,0.004837177500844693,0.005104607234044337,1.3300624440802829e-05,0.000254129108758841,21,2026-07-28,1
2026-07-28 22:00:00-03:00,0.007415134363947684,0.0067698381343765145,0.004850478125285496,0.0006452962295711694,0.0025646562386621883,22,2026-07-28,1
2026-07-28 23:00:00-03:00,0.004580174463864698,0.004091303035357809,0.007415134363947684,0.0004888714285068889,0.002834959900082986,23,2026-07-28,1
2026-07-29 00:00:00-03:00,0.0058297589088602,0.00512959021732422,0.004580174463864698,0.0007001686915359797,0.001249584444995502,0,2026-07-29,1
2026-07-29 01:00:00-03:00,0.003186179787136365,0.004253259243197648,0.0058297589088602,0.0010670794560612832,0.0026435791217238346,1,2026-07-29,1
2026-07-29 02:00:00-03:00,0.006896185681149658,0.003948205184669732,0.003186179787136365,0.002947980496479926,0.0037100058940132932,2,2026-07-29,1
2026-07-29 03:00:00-03:00,0.0026845928656619275,0.00455574136331955,0.006896185681149658,0.0018711484976576226,0.004211592815487731,3,2026-07-29,1
2026-07-29 04:00:00-03:00,0.004721867460780313,0.0041128368035257285,0.0026845928656619275,0.0006090306572545841,0.002037274595118385,4,2026-07-29,1
2026-07-29 05:00:00-03:00,0.005531392005935196,0.004069747847388618,0.004721867460780313,0.0014616441585465784,0.0008095245451548837,5,2026-07-29,0
2026-07-29 06:00:00-03:00,0.004773705778346275,0.004130428826512661,0.005531392005935196,0.0006432769518336144,0.0007576862275889213,6,2026-07-29,1
2026-07-29 07:00:00-03:00,0.0026234142551398365,0.005026004077685888,0.004773705778346275,0.0024025898225460513,0.0021502915232064386,7,2026-07-29,0
2026-07-29 08:00:00-03:00,0.004536783950541425,0.004148377367729893,0.0026234142551398365,0.00038840658281153167,0.0019133696954015886,8,2026-07-29,1
2026-07-29 09:00:00-03:00,0.008157464582685762,0.007887682340378814,0.004536783950541425,0.00026978224230694847,0.003620680632144337,9,2026-07-29,1
2026-07-29 10:00:00-03:00,0.010469206578086006,0.00850793861533909,0.008157464582685762,0.001961267962746916,0.002311741995400244,10,2026-07-29,1
2026-07-29 11:00:00-03:00,0.004830841593577388,0.008739737188377549,0.010469206578086006,0.00390889559480016,0.005638364984508618,11,2026-07-29,1
2026-07-29 12:00:00-03:00,0.008186705403510755,0.006411100058289201,0.004830841593577388,0.001775605345221554,0.0033558638099333666,12,2026-07-29,1
2026-07-29 13:00:00-03:00,0.008985864751781618,0.006573520737225248,0.008186705403510755,0.0024123440145563694,0.0007991593482708625,13,2026-07-29,0
2026-07-29 14:00:00-03:00,0.013810372220685666,0.004648891057593938,0.008985864751781618,0.009161481163091727,0.004824507468904048,14,2026-07-29,0
2026-07-29 15:00:00-03:00,0.01712547959992112,0.006840301243916479,0.013810372220685666,0.01028517835600464,0.0033151073792354532,15,2026-07-29,0
2026-07-29 16:00:00-03:00,0.005798462611620787,0.009060368252455351,0.01712547959992112,0.003261905640834564,0.011327016988300333,16,2026-07-29,1
2026-07-29 17:00:00-03:00,0.009280613842781138,0.006275390761185021,0.005798462611620787,0.0030052230815961175,0.0034821512311603514,17,2026-07-29,1
2026-07-29 18:00:00-03:00,0.00424522031512694,0.005974718431780371,0.009280613842781138,0.0017294981166534312,0.005035393527654198,18,2026-07-29,1
2026-07-29 19:00:00-03:00,0.0026275203846945314,0.004797371645708523,0.00424522031512694,0.0021698512610139917,0.0016176999304324089,19,2026-07-29,0
2026-07-29 20:00:00-03:00,0.008190217643859877,0.0047703654144878715,0.0026275203846945314,0.003419852229372005,0.0055626972591653456,20,2026-07-29,1
2026-07-29 21:00:00-03:00,0.010581022624716024,0.005015661202940119,0.008190217643859877,0.0055653614217759054,0.002390804980856148,21,2026-07-29,0
2026-07-29 22:00:00-03:00,0.003927870996708438,0.00605709966144859,0.010581022624716024,0.002129228664740152,0.006653151628007586,22,2026-07-29,1
2026-07-29 23:00:00-03:00,0.0026015406631778744,0.00520287383935359,0.003927870996708438,0.002601333176175716,0.0013263303335305635,23,2026-07-29,0
2026-07-30 00:00:00-03:00,0.002678683412264684,0.004735053764812713,0.0026015406631778744,0.0020563703525480286,7.71427490868096e-05,0,2026-07-30,0
2026-07-30 01:00:00-03:00,0.004281326653745407,0.004167914038984428,0.002678683412264684,0.00011341261476097934,0.001602643241480723,1,2026-07-30,1
2026-07-30 02:00:00-03:00,0.0019186900409362661,0.004805234799302636,0.004281326653745407,0.0028865447583663693,0.0023626366128091407,2,2026-07-30,0
2026-07-30 03:00:00-03:00,0.0031357573485770907,0.004774965837283899,0.0019186900409362661,0.0016392084887068086,0.0012170673076408246,3,2026-07-30,0
2026-07-30 04:00:00-03:00,0.00588495896545387,0.004979193130402933,0.0031357573485770907,0.0009057658350509366,0.002749201616876779,4,2026-07-30,1
2026-07-30 05:00:00-03:00,0.005537920280710619,0.006549485292614489,0.00588495896545387,0.0010115650119038701,0.00034703868474325085,5,2026-07-30,0
2026-07-30 06:00:00-03:00,0.0010839278236327234,0.0069619331773877,0.005537920280710619,0.005878005353754977,0.004453992457077895,6,2026-07-30,0
2026-07-30 07:00:00-03:00,0.00528570105575102,0.002957288744268646,0.0010839278236327234,0.0023284123114823744,0.0042017732321182975,7,2026-07-30,1
2026-07-30 08:00:00-03:00,0.003942087023488677,0.003122663413896648,0.00528570105575102,0.0008194236095920284,0.0013436140322623438,8,2026-07-30,1
2026-07-30 09:00:00-03:00,0.007498691596891602,0.005862409937093894,0.003942087023488677,0.0016362816597977085,0.0035566045734029255,9,2026-07-30,1
2026-07-30 10:00:00-03:00,0.006524027514081154,0.007238910044782607,0.007498691596891602,0.0007148825307014524,0.0009746640828104478,10,2026-07-30,1
2026-07-30 11:00:00-03:00,0.0043363000016993945,0.0065301805818614635,0.006524027514081154,0.002193880580162069,0.00218772751238176,11,2026-07-30,0
2026-07-30 12:00:00-03:00,0.0036113419711589685,0.005193696222105295,0.0043363000016993945,0.0015823542509463269,0.000724958030540426,12,2026-07-30,0
2026-07-30 13:00:00-03:00,0.003329633740288568,0.002976967590291689,0.0036113419711589685,0.00035266614999687924,0.00028170823087040036,13,2026-07-30,0
2026-07-30 14:00:00-03:00,0.0032734286615108297,0.0029306902491781192,0.003329633740288568,0.0003427384123327105,5.620507877773838e-05,14,2026-07-30,0
2026-07-30 15:00:00-03:00,0.003105092592592579,0.002853397499552723,0.0032734286615108297,0.0002516950930398559,0.0001683360689182507,15,2026-07-30,0
2026-07-30 16:00:00-03:00,0.002838645656654436,0.002102558955697373,0.003105092592592579,0.0007360867009570632,0.000266446935938143,16,2026-07-30,0
2026-07-30 17:00:00-03:00,0.001577804337123782,0.002968157290535871,0.002838645656654436,0.001390352953412089,0.001260841319530654,17,2026-07-30,0
2026-07-30 18:00:00-03:00,0.0055570324416710105,0.00262568417528368,0.001577804337123782,0.0029313482663873304,0.003979228104547228,18,2026-07-30,1
2026-07-30 19:00:00-03:00,0.005347327771741989,0.003912377249591832,0.0055570324416710105,0.0014349505221501564,0.00020970466992902177,19,2026-07-30,0
2026-07-30 20:00:00-03:00,0.0032639674585874592,0.004373518781171915,0.005347327771741989,0.001109551322584456,0.0020833603131545295,20,2026-07-30,1
2026-07-30 21:00:00-03:00,0.014390679884969898,0.00396991784297702,0.0032639674585874592,0.010420762041992878,0.011126712426382438,21,2026-07-30,1
2026-07-30 22:00:00-03:00,0.006383112078968784,0.0069050363697309115,0.014390679884969898,0.0005219242907621279,0.008007567806001113,22,2026-07-30,1
2026-07-30 23:00:00-03:00,0.004160478483765693,0.004450517543726355,0.006383112078968784,0.00029003905996066205,0.0022226335952030907,23,2026-07-30,1
2026-07-31 00:00:00-03:00,0.003141524105754277,0.004522138591112359,0.004160478483765693,0.001380614485358082,0.0010189543780114159,0,2026-07-31,0
2026-07-31 01:00:00-03:00,0.0023804026719674164,0.003188750745907425,0.003141524105754277,0.0008083480739400086,0.0007611214337868606,1,2026-07-31,0
2026-07-31 02:00:00-03:00,0.004679289768008014,0.0027587009808195543,0.0023804026719674164,0.0019205887871884594,0.0022988870960405972,2,2026-07-31,1
2026-07-31 03:00:00-03:00,0.005746050704292292,0.004292873713968967,0.004679289768008014,0.0014531769903233247,0.0010667609362842783,3,2026-07-31,0
2026-07-31 04:00:00-03:00,0.0031752666016125622,0.005242564485239381,0.005746050704292292,0.0020672978836268185,0.0025707841026797297,4,2026-07-31,1
2026-07-31 05:00:00-03:00,0.0032794012169646367,0.004313686493761367,0.0031752666016125622,0.0010342852767967299,0.0001041346153520745,5,2026-07-31,0
2026-07-31 06:00:00-03:00,0.005346951055145497,0.004079942305180609,0.0032794012169646367,0.001267008749964888,0.00206754983818086,6,2026-07-31,1
2026-07-31 07:00:00-03:00,0.0034476646295907034,0.003590809624767647,0.005346951055145497,0.00014314499517694345,0.0018992864255547933,7,2026-07-31,1
2026-07-31 08:00:00-03:00,0.0031834860269965627,0.0044576216210551346,0.0034476646295907034,0.0012741355940585719,0.0002641786025941407,8,2026-07-31,0
2026-07-31 09:00:00-03:00,0.009601280086384386,0.0059233699017643094,0.0031834860269965627,0.0036779101846200766,0.006417794059387824,9,2026-07-31,1
2026-07-31 10:00:00-03:00,0.013464777641321935,0.007952749263368239,0.009601280086384386,0.0055120283779536965,0.0038634975549375495,10,2026-07-31,0
2026-07-31 11:00:00-03:00,0.004450498488676958,0.008638058429547967,0.013464777641321935,0.004187559940871009,0.009014279152644977,11,2026-07-31,1
2026-07-31 12:00:00-03:00,0.0035434528672097297,0.00546501736713116,0.004450498488676958,0.00192156449992143,0.0009070456214672284,12,2026-07-31,0
2026-07-31 13:00:00-03:00,0.007932271480758143,0.005352762004204648,0.0035434528672097297,0.0025795094765534944,0.004388818613548413,13,2026-07-31,1
2026-07-31 14:00:00-03:00,0.005325086211719406,0.004907528511140469,0.007932271480758143,0.0004175577005789367,0.002607185269038737,14,2026-07-31,1
2026-07-31 15:00:00-03:00,0.003520771136378059,0.004347297096536281,0.005325086211719406,0.0008265259601582219,0.0018043150753413468,15,2026-07-31,1
2026-07-31 16:00:00-03:00,0.0016782174836427637,0.003914268535027458,0.003520771136378059,0.0022360510513846944,0.001842553652735295,16,2026-07-31,0
2026-07-31 17:00:00-03:00,0.0034388821972752837,0.002678001836972804,0.0016782174836427637,0.0007608803603024795,0.00176066471363252,17,2026-07-31,1
2026-07-31 18:00:00-03:00,0.00238268467037328,0.0031660778333512216,0.0034388821972752837,0.0007833931629779418,0.0010561975269020038,18,2026-07-31,1
2026-07-31 19:00:00-03:00,0.002430993062574178,0.002547724568812903,0.00238268467037328,0.00011673150623872511,4.8308392200898005e-05,19,2026-07-31,0
2026-07-31 20:00:00-03:00,0.0021635574432683565,0.0027100790212918175,0.002430993062574178,0.000546521578023461,0.00026743561930582136,20,2026-07-31,0
2026-07-31 21:00:00-03:00,0.0010564508048509851,0.002456985114912751,0.0021635574432683565,0.0014005343100617657,0.0011071066384173713,21,2026-07-31,0
2026-07-31 22:00:00-03:00,0.002085610051641685,0.0021288736098661865,0.0010564508048509851,4.326355822450133e-05,0.0010291592467907,22,2026-07-31,1
2026-07-31 23:00:00-03:00,0.0016575011808684127,0.0014366124078722758,0.002085610051641685,0.00022088877299613697,0.00042810887077327246,23,2026-07-31,1
2026-08-01 00:00:00-03:00,0.0019356726712077765,0.0016817260842758172,0.0016575011808684127,0.0002539465869319593,0.00027817149033936375,0,2026-08-01,1
2026-08-01 01:00:00-03:00,0.0022532529355760076,0.0016539981720391634,0.0019356726712077765,0.0005992547635368442,0.0003175802643682311,1,2026-08-01,0
2026-08-01 02:00:00-03:00,0.0014874611291198338,0.0017586179514229978,0.0022532529355760076,0.000271156822303164,0.0007657918064561738,2,2026-08-01,1
2026-08-01 03:00:00-03:00,0.0012194994295045495,0.0016365424532358284,0.0014874611291198338,0.00041704302373127885,0.00026796169961528426,3,2026-08-01,0
2026-08-01 04:00:00-03:00,0.0015769984752777634,0.001491640304771095,0.0012194994295045495,8.535817050666825e-05,0.00035749904577321383,4,2026-08-01,1
2026-08-01 05:00:00-03:00,0.001478276191347701,0.0013912842446452763,0.0015769984752777634,8.699194670242481e-05,9.872228393006228e-05,5,2026-08-01,1
2026-08-01 06:00:00-03:00,0.0019788759198172867,0.001504354781140745,0.001478276191347701,0.0004745211386765417,0.0005005997284695857,6,2026-08-01,1
2026-08-01 07:00:00-03:00,0.0008600735620521275,0.0016073093590288803,0.0019788759198172867,0.0007472357969767528,0.0011188023577651592,7,2026-08-01,1
2026-08-01 08:00:00-03:00,0.0006877570373075145,0.0011389405772251103,0.0008600735620521275,0.00045118353991759584,0.00017231652474461305,8,2026-08-01,0
2026-08-01 09:00:00-03:00,0.0008852164570666331,0.0015147383487480748,0.0006877570373075145,0.0006295218916814416,0.0001974594197591186,9,2026-08-01,0
2026-08-01 10:00:00-03:00,0.0009149878688069933,0.001608897763984901,0.0008852164570666331,0.0006939098951779076,2.9771411740360174e-05,10,2026-08-01,0
2026-08-01 11:00:00-03:00,0.0018962954310198878,0.0019677439645504834,0.0009149878688069933,7.144853353059557e-05,0.0009813075622128946,11,2026-08-01,1
2026-08-01 12:00:00-03:00,0.002441511770104796,0.0014605765928213798,0.0018962954310198878,0.000980935177283416,0.000545216339084908,12,2026-08-01,0
2026-08-01 13:00:00-03:00,0.00526248057068253,0.0017253273269688706,0.002441511770104796,0.003537153243713659,0.002820968800577734,13,2026-08-01,0
2026-08-01 14:00:00-03:00,0.007334546063505983,0.0028380322173121573,0.00526248057068253,0.004496513846193826,0.0020720654928234536,14,2026-08-01,0
2026-08-01 15:00:00-03:00,0.002604037561598638,0.004612396690735797,0.007334546063505983,0.0020083591291371592,0.004730508501907345,15,2026-08-01,1
2026-08-01 16:00:00-03:00,0.0030638920189914585,0.0029122568515517274,0.002604037561598638,0.00015163516743973114,0.00045985445739282066,16,2026-08-01,1
2026-08-01 17:00:00-03:00,0.003213837954873853,0.002955738707625198,0.0030638920189914585,0.00025809924724865506,0.00014994593588239444,17,2026-08-01,0
2026-08-01 18:00:00-03:00,0.001153088079695406,0.003586986893189249,0.003213837954873853,0.002433898813493843,0.002060749875178447,18,2026-08-01,0
2026-08-01 19:00:00-03:00,0.001477628485073481,0.002534697383599814,0.001153088079695406,0.001057068898526333,0.0003245404053780752,19,2026-08-01,0
2026-08-01 20:00:00-03:00,0.0027598120062086815,0.0017428703252112669,0.001477628485073481,0.0010169416809974146,0.0012821835211352004,20,2026-08-01,1
2026-08-01 21:00:00-03:00,0.004032906612649005,0.0022409394991158333,0.0027598120062086815,0.0017919671135331714,0.001273094606440323,21,2026-08-01,0
2026-08-01 22:00:00-03:00,0.009285190376661956,0.003586909316196455,0.004032906612649005,0.0056982810604655,0.005252283764012951,22,2026-08-01,0
2026-08-01 23:00:00-03:00,0.002678770507367013,0.005132742119003678,0.009285190376661956,0.0024539716116366646,0.006606419869294942,23,2026-08-01,1
2026-08-02 00:00:00-03:00,0.0023596477433559192,0.003263651913779286,0.002678770507367013,0.0009040041704233667,0.0003191227640110938,0,2026-08-02,0
2026-08-02 01:00:00-03:00,0.003447261268016573,0.00317039769627256,0.0023596477433559192,0.00027686357174401283,0.0010876135246606538,1,2026-08-02,1
2026-08-02 02:00:00-03:00,0.0009791676413449361,0.003044501763486303,0.003447261268016573,0.0020653341221413667,0.0024680936266716367,2,2026-08-02,1
2026-08-02 03:00:00-03:00,0.0010158056909053668,0.002927404493843755,0.0009791676413449361,0.0019115988029383883,3.663804956043071e-05,3,2026-08-02,0
2026-08-02 04:00:00-03:00,0.00566509568394083,0.0020603815065766344,0.0010158056909053668,0.003604714177364196,0.004649289993035464,4,2026-08-02,1
2026-08-02 05:00:00-03:00,0.0035717706215228576,0.003279078666564022,0.00566509568394083,0.00029269195495883584,0.0020933250624179727,5,2026-08-02,1
2026-08-02 06:00:00-03:00,0.0023555087308716515,0.0026444405700486694,0.0035717706215228576,0.0002889318391770179,0.0012162618906512062,6,2026-08-02,1
2026-08-02 07:00:00-03:00,0.003547722354950282,0.003916601849746717,0.0023555087308716515,0.00036887949479643507,0.0011922136240786305,7,2026-08-02,1
2026-08-02 08:00:00-03:00,0.0031632229706256587,0.00322971729655192,0.003547722354950282,6.649432592626152e-05,0.0003844993843246233,8,2026-08-02,1
2026-08-02 09:00:00-03:00,0.0021684884990428714,0.004068751410640779,0.0031632229706256587,0.0019002629115979076,0.0009947344715827873,9,2026-08-02,0
2026-08-02 10:00:00-03:00,0.0019660890857162517,0.004491491896154112,0.0021684884990428714,0.0025254028104378604,0.0002023994133266197,10,2026-08-02,0
2026-08-02 11:00:00-03:00,0.002154996883177302,0.0031644094564981435,0.0019660890857162517,0.0010094125733208417,0.0001889077974610502,11,2026-08-02,0
2026-08-02 12:00:00-03:00,0.0033155873122596314,0.0018937005524044008,0.002154996883177302,0.0014218867598552306,0.0011605904290823295,12,2026-08-02,0
2026-08-02 13:00:00-03:00,0.00300156650175955,0.0026627489664224867,0.0033155873122596314,0.00033881753533706324,0.00031402081050008147,13,2026-08-02,0
2026-08-02 14:00:00-03:00,0.00504890898852848,0.003140353878054081,0.00300156650175955,0.0019085551104743989,0.00204734248676893,14,2026-08-02,1
2026-08-02 15:00:00-03:00,0.0024577656237762054,0.002686769940714192,0.00504890898852848,0.0002290043169379868,0.0025911433647522746,15,2026-08-02,1
2026-08-02 16:00:00-03:00,0.001524383521601563,0.0031160513689859103,0.0024577656237762054,0.0015916678473843473,0.0009333821021746424,16,2026-08-02,0
2026-08-02 17:00:00-03:00,0.004805907703922786,0.002793495783218968,0.001524383521601563,0.0020124119207038183,0.0032815241823212233,17,2026-08-02,1
2026-08-02 18:00:00-03:00,0.006616046964757238,0.004372096193772946,0.004805907703922786,0.002243950770984292,0.0018101392608344518,18,2026-08-02,0
2026-08-02 19:00:00-03:00,0.003964134025483719,0.0059648074706442926,0.006616046964757238,0.002000673445160574,0.0026519129392735194,19,2026-08-02,1
2026-08-02 20:00:00-03:00,0.00612310005432924,0.0042727212459009924,0.003964134025483719,0.0018503788084282477,0.0021589660288455215,20,2026-08-02,1
2026-08-02 21:00:00-03:00,0.0037793361277324083,0.00572818364685231,0.00612310005432924,0.0019488475191199017,0.002343763926596832,21,2026-08-02,1
2026-08-02 22:00:00-03:00,0.00294576933675845,0.003344162608686788,0.0037793361277324083,0.00039839327192833784,0.0008335667909739582,22,2026-08-02,1
2026-08-02 23:00:00-03:00,0.006082344833005142,0.0028198406469733947,0.00294576933675845,0.0032625041860317476,0.003136575496246692,23,2026-08-02,0
2026-08-03 00:00:00-03:00,0.003685300207039245,0.003350151815564144,0.006082344833005142,0.000335148391475101,0.0023970446259658973,0,2026-08-03,1
2026-08-03 01:00:00-03:00,0.001969211727983194,0.0036258053006688355,0.003685300207039245,0.0016565935726856416,0.001716088479056051,1,2026-08-03,1
2026-08-03 02:00:00-03:00,0.004145082684483194,0.0034548869990683605,0.001969211727983194,0.0006901956854148332,0.0021758709564999998,2,2026-08-03,1
2026-08-03 03:00:00-03:00,0.002362781873841231,0.0031554617878611496,0.004145082684483194,0.0007926799140199185,0.0017823008106419625,3,2026-08-03,1
2026-08-03 04:00:00-03:00,0.005559348592534594,0.004369076884133274,0.002362781873841231,0.00119027170840132,0.0031965667186933627,4,2026-08-03,1
2026-08-03 05:00:00-03:00,0.005460124066240782,0.0034799688328065502,0.005559348592534594,0.001980155233434232,9.922452629381167e-05,5,2026-08-03,0
2026-08-03 06:00:00-03:00,0.003903126469808656,0.003464957113096594,0.005460124066240782,0.0004381693567120622,0.001556997596432126,6,2026-08-03,1
2026-08-03 07:00:00-03:00,0.0038038676784099166,0.0039607249677928846,0.003903126469808656,0.00015685728938296794,9.925879139873958e-05,7,2026-08-03,0
2026-08-03 08:00:00-03:00,0.005646570972886776,0.004436066533090381,0.0038038676784099166,0.0012105044397963957,0.0018427032944768598,8,2026-08-03,1
2026-08-03 09:00:00-03:00,0.013063390069531586,0.0056483084798801516,0.005646570972886776,0.007415081589651435,0.00741681909664481,9,2026-08-03,1
2026-08-03 10:00:00-03:00,0.013392959734513883,0.010356520672555455,0.013063390069531586,0.003036439061958428,0.0003295696649822967,10,2026-08-03,0
2026-08-03 11:00:00-03:00,0.005387557655705981,0.009197996851122768,0.013392959734513883,0.0038104391954167866,0.008005402078807903,11,2026-08-03,1
2026-08-03 12:00:00-03:00,0.004327458752022266,0.00771105533282991,0.005387557655705981,0.003383596580807644,0.0010600989036837153,12,2026-08-03,0
2026-08-03 13:00:00-03:00,0.005401683722968064,0.005366475904681453,0.004327458752022266,3.520781828661099e-05,0.001074224970945798,13,2026-08-03,1
2026-08-03 14:00:00-03:00,0.003632328790886988,0.003684040983555808,0.005401683722968064,5.17121926688199e-05,0.0017693549320810758,14,2026-08-03,1
2026-08-03 15:00:00-03:00,0.0036637274387194617,0.003745254439742346,0.003632328790886988,8.152700102288454e-05,3.139864783247362e-05,15,2026-08-03,0
2026-08-03 16:00:00-03:00,0.003977864202562058,0.0038961042336005786,0.0036637274387194617,8.175996896147902e-05,0.00031413676384259596,16,2026-08-03,1
2026-08-03 17:00:00-03:00,0.003836757736850805,0.00409913645482367,0.003977864202562058,0.00026237871797286493,0.00014110646571125277,17,2026-08-03,0
2026-08-03 18:00:00-03:00,0.004526863466314533,0.0045251096256721645,0.003836757736850805,1.7538406423683872e-06,0.000690105729463728,18,2026-08-03,1
2026-08-03 19:00:00-03:00,0.002454659949622139,0.0040283758580348,0.004526863466314533,0.0015737159084126613,0.002072203516692394,19,2026-08-03,1
2026-08-03 20:00:00-03:00,0.004152016058838974,0.0037328222449262666,0.002454659949622139,0.0004191938139127076,0.0016973561092168354,20,2026-08-03,1
2026-08-03 21:00:00-03:00,0.008864813628257017,0.0058915383910117915,0.004152016058838974,0.0029732752372452253,0.004712797569418043,21,2026-08-03,1
2026-08-03 22:00:00-03:00,0.004474288353751402,0.004752282779879747,0.008864813628257017,0.0002779944261283446,0.004390525274505615,22,2026-08-03,1
2026-08-03 23:00:00-03:00,0.003307209512976565,0.0037524499750083407,0.004474288353751402,0.00044524046203177564,0.0011670788407748371,23,2026-08-03,1
2026-08-04 00:00:00-03:00,0.007524871542582231,0.0034333973735506686,0.003307209512976565,0.0040914741690315625,0.004217662029605666,0,2026-08-04,1
2026-08-04 01:00:00-03:00,0.0041958066064876,0.004603771833821998,0.007524871542582231,0.00040796522733439755,0.0033290649360946303,1,2026-08-04,1
2026-08-04 02:00:00-03:00,0.0032283650070676242,0.004075103089291487,0.0041958066064876,0.0008467380822238624,0.0009674415994199762,2,2026-08-04,1
2026-08-04 03:00:00-03:00,0.004033084957480255,0.003638797588845982,0.0032283650070676242,0.00039428736863427296,0.0008047199504126307,3,2026-08-04,1
2026-08-04 04:00:00-03:00,0.0028814759296192575,0.004083219303696484,0.004033084957480255,0.0012017433740772261,0.0011516090278609974,4,2026-08-04,0
2026-08-04 05:00:00-03:00,0.0014711401359637196,0.0028942561370936706,0.0028814759296192575,0.001423116001129951,0.001410335793655538,5,2026-08-04,0
2026-08-04 06:00:00-03:00,0.006119440436609953,0.002877855280473876,0.0014711401359637196,0.0032415851561360775,0.004648300300646234,6,2026-08-04,1
2026-08-04 07:00:00-03:00,0.0037230547820917936,0.004712389529338046,0.006119440436609953,0.000989334747246252,0.0023963856545181597,7,2026-08-04,1
2026-08-04 08:00:00-03:00,0.004294717853811521,0.004451896713715854,0.0037230547820917936,0.0001571788599043335,0.000571663071719727,8,2026-08-04,1
2026-08-04 09:00:00-03:00,0.006936442688690397,0.005889135716889377,0.004294717853811521,0.0010473069718010203,0.0026417248348788768,9,2026-08-04,1
2026-08-04 10:00:00-03:00,0.009015617339625732,0.00746492886733908,0.006936442688690397,0.0015506884722866522,0.0020791746509353348,10,2026-08-04,1
2026-08-04 11:00:00-03:00,0.006607548926988684,0.00815598162160076,0.009015617339625732,0.001548432694612076,0.002408068412637048,11,2026-08-04,1
2026-08-04 12:00:00-03:00,0.0036399783396425796,0.005469398100947624,0.006607548926988684,0.0018294197613050443,0.0029675705873461046,12,2026-08-04,1
2026-08-04 13:00:00-03:00,0.004564490545798957,0.004613176367588218,0.0036399783396425796,4.8685821789260474e-05,0.0009245122061563777,13,2026-08-04,1
2026-08-04 14:00:00-03:00,0.0067531811577738994,0.004281731536147913,0.004564490545798957,0.0024714496216259865,0.002188690611974942,14,2026-08-04,0
2026-08-04 15:00:00-03:00,0.003419406987272648,0.004099700929357604,0.0067531811577738994,0.0006802939420849563,0.0033337741705012514,15,2026-08-04,1
2026-08-04 16:00:00-03:00,0.006501608616589728,0.004061071702191143,0.003419406987272648,0.0024405369143985847,0.00308220162931708,16,2026-08-04,1
2026-08-04 17:00:00-03:00,0.0025932330124310865,0.0038232644369889423,0.006501608616589728,0.0012300314245578558,0.003908375604158642,17,2026-08-04,1
2026-08-04 18:00:00-03:00,0.0023947182079025464,0.004071055847740438,0.0025932330124310865,0.0016763376398378918,0.00019851480452854004,18,2026-08-04,0
2026-08-04 19:00:00-03:00,0.007298785022936833,0.002996464809205669,0.0023947182079025464,0.004302320213731165,0.004904066815034287,19,2026-08-04,1
2026-08-04 20:00:00-03:00,0.003357035694192625,0.005147594114218084,0.007298785022936833,0.0017905584200254591,0.0039417493287442085,20,2026-08-04,1
2026-08-04 21:00:00-03:00,0.006155391936809617,0.004459896706046977,0.003357035694192625,0.0016954952307626408,0.0027983562426169926,21,2026-08-04,1
2026-08-04 22:00:00-03:00,0.002818314492266895,0.0037712562422858847,0.006155391936809617,0.0009529417500189897,0.0033370774445427224,22,2026-08-04,1
2026-08-04 23:00:00-03:00,0.006232153643776642,0.003842659563631925,0.002818314492266895,0.002389494080144717,0.003413839151509747,23,2026-08-04,1
2026-08-05 00:00:00-03:00,0.002025501467043303,0.0036750543776997075,0.006232153643776642,0.0016495529106564043,0.004206652176733339,0,2026-08-05,1
2026-08-05 01:00:00-03:00,0.0056366406983148305,0.0028699690878326695,0.002025501467043303,0.002766671610482161,0.0036111392312715273,1,2026-08-05,1
2026-08-05 02:00:00-03:00,0.0022406533612602,0.002882316296867217,0.0056366406983148305,0.0006416629356070166,0.0033959873370546304,2,2026-08-05,1
2026-08-05 03:00:00-03:00,0.004303192491614075,0.0034488195250624897,0.0022406533612602,0.0008543729665515852,0.0020625391303538748,3,2026-08-05,1
2026-08-05 04:00:00-03:00,0.002838392091428664,0.004051634722348471,0.004303192491614075,0.001213242630919807,0.001464800400185411,4,2026-08-05,1
2026-08-05 05:00:00-03:00,0.0016815511795253008,0.004137274451423159,0.002838392091428664,0.0024557232718978583,0.0011568409119033633,5,2026-08-05,0
2026-08-05 06:00:00-03:00,0.0034798975933244955,0.002716661369986204,0.0016815511795253008,0.0007632362233382915,0.0017983464137991947,6,2026-08-05,1
2026-08-05 07:00:00-03:00,0.0016465008034299655,0.003629877423443773,0.0034798975933244955,0.001983376620013808,0.00183339678989453,7,2026-08-05,0
2026-08-05 08:00:00-03:00,0.008260685940201549,0.003128652342698164,0.0016465008034299655,0.005132033597503385,0.0066141851367715835,8,2026-08-05,1
2026-08-05 09:00:00-03:00,0.008259844780127435,0.006078397771168234,0.008260685940201549,0.002181447008959202,8.411600741133757e-07,9,2026-08-05,0
2026-08-05 10:00:00-03:00,0.004311655785939629,0.007900601724994804,0.008259844780127435,0.0035889459390551753,0.003948188994187807,10,2026-08-05,1
2026-08-05 11:00:00-03:00,0.0055679621097158,0.008134386940244593,0.004311655785939629,0.0025664248305287927,0.0012563063237761712,11,2026-08-05,0
2026-08-05 12:00:00-03:00,0.005768303759287303,0.006579374889493566,0.0055679621097158,0.0008110711302062633,0.00020034164957150307,12,2026-08-05,0
2026-08-05 13:00:00-03:00,0.004049559981472918,0.004260104600198016,0.005768303759287303,0.00021054461872509807,0.001718743777814385,13,2026-08-05,1
2026-08-05 14:00:00-03:00,0.00270034614678284,0.0037163892500179114,0.004049559981472918,0.0010160431032350714,0.001349213834690078,14,2026-08-05,1
2026-08-05 15:00:00-03:00,0.002381081636291506,0.004180812346379855,0.00270034614678284,0.001799730710088349,0.00031926451049133376,15,2026-08-05,0
2026-08-05 16:00:00-03:00,0.003374733832447181,0.004047356372325888,0.002381081636291506,0.0006726225398787072,0.0009936521961556749,16,2026-08-05,1
2026-08-05 17:00:00-03:00,0.0025966610914688742,0.0035863040216612945,0.003374733832447181,0.0009896429301924203,0.0007780727409783068,17,2026-08-05,0
2026-08-05 18:00:00-03:00,0.002383037316665617,0.004281100006731175,0.0025966610914688742,0.001898062690065558,0.00021362377480325717,18,2026-08-05,0
2026-08-05 19:00:00-03:00,0.0026419143641798924,0.0036221614683269055,0.002383037316665617,0.0009802471041470131,0.0002588770475142753,19,2026-08-05,0
2026-08-05 20:00:00-03:00,0.002357181894528832,0.003837521113125533,0.0026419143641798924,0.0014803392185967009,0.00028473246965106044,20,2026-08-05,0
2026-08-05 21:00:00-03:00,0.0025030942208641373,0.003769265479400161,0.002357181894528832,0.0012661712585360237,0.00014591232633530534,21,2026-08-05,0
2026-08-05 22:00:00-03:00,0.003271633537402757,0.003061670622902941,0.0025030942208641373,0.00020996291449981632,0.0007685393165386199,22,2026-08-05,1
2026-08-05 23:00:00-03:00,0.0014013413391975968,0.002596724668361275,0.003271633537402757,0.0011953833291636783,0.0018702921982051604,23,2026-08-05,1
2026-08-06 00:00:00-03:00,0.004007899942302991,0.002188455266852809,0.0014013413391975968,0.0018194446754501823,0.0026065586031053948,0,2026-08-06,1
2026-08-06 01:00:00-03:00,0.00409409674510524,0.002854993255721955,0.004007899942302991,0.0012391034893832848,8.619680280224848e-05,1,2026-08-06,0
2026-08-06 02:00:00-03:00,0.0025040086339808234,0.003301914890536636,0.00409409674510524,0.0007979062565558128,0.0015900881111244164,2,2026-08-06,1
2026-08-06 03:00:00-03:00,0.00292641379299709,0.0030671216475651577,0.0025040086339808234,0.00014070785456806768,0.00042240515901626656,3,2026-08-06,1
2026-08-06 04:00:00-03:00,0.0036802075205887596,0.0029053865329614526,0.00292641379299709,0.000774820987627307,0.0007537937275916696,4,2026-08-06,0
2026-08-06 05:00:00-03:00,0.004854397450235469,0.0032694020660640325,0.0036802075205887596,0.001584995384171436,0.001174189929646709,5,2026-08-06,0
2026-08-06 06:00:00-03:00,0.0016070335575040496,0.004118329788456815,0.004854397450235469,0.0025112962309527653,0.003247363892731419,6,2026-08-06,1
2026-08-06 07:00:00-03:00,0.002440651486202337,0.0034826943006428697,0.0016070335575040496,0.0010420428144405328,0.0008336179286982874,7,2026-08-06,0
2026-08-06 08:00:00-03:00,0.003969328200670576,0.0032865637789457653,0.002440651486202337,0.0006827644217248107,0.001528676714468239,8,2026-08-06,1
2026-08-06 09:00:00-03:00,0.005466212641429566,0.0033052480264473493,0.003969328200670576,0.002160964614982217,0.0014968844407589905,9,2026-08-06,0
2026-08-06 10:00:00-03:00,0.0075334218407484025,0.005255598435336225,0.005466212641429566,0.002277823405412178,0.002067209199318836,10,2026-08-06,0
2026-08-06 11:00:00-03:00,0.005615960051906298,0.007701989007395461,0.0075334218407484025,0.002086028955489163,0.0019174617888421041,11,2026-08-06,0
2026-08-06 12:00:00-03:00,0.002866518865085179,0.0067527377278956925,0.005615960051906298,0.0038862188628105135,0.0027494411868211194,12,2026-08-06,0
2026-08-06 13:00:00-03:00,0.004413224104785906,0.003575882017221073,0.002866518865085179,0.000837342087564833,0.001546705239700727,13,2026-08-06,1
2026-08-06 14:00:00-03:00,0.0037725205209003577,0.003974125096505998,0.004413224104785906,0.00020160457560564017,0.0006407035838855483,14,2026-08-06,1
2026-08-06 15:00:00-03:00,0.0017023554603854253,0.0038124174550009087,0.0037725205209003577,0.0021100619946154836,0.002070165060514932,15,2026-08-06,0
2026-08-06 16:00:00-03:00,0.0014993862479186376,0.00369630738562764,0.0017023554603854253,0.0021969211377090023,0.00020296921246678776,16,2026-08-06,0
2026-08-06 17:00:00-03:00,0.001695356074433658,0.002525117783512393,0.0014993862479186376,0.0008297617090787348,0.00019596982651502053,17,2026-08-06,0
2026-08-06 18:00:00-03:00,0.0018585428247271127,0.002445205464427106,0.001695356074433658,0.0005866626396999932,0.0001631867502934546,18,2026-08-06,0
2026-08-06 19:00:00-03:00,0.0024875780448268066,0.002233173873247324,0.0018585428247271127,0.00025440417157948257,0.0006290352200996939,19,2026-08-06,1
2026-08-06 20:00:00-03:00,0.0027894217465440616,0.0020830298220293796,0.0024875780448268066,0.000706391924514682,0.00030184370171725504,20,2026-08-06,0
2026-08-06 21:00:00-03:00,0.0027440702052309142,0.0030346509120647066,0.0027894217465440616,0.00029058070683379237,4.5351541313147416e-05,21,2026-08-06,0
2026-08-06 22:00:00-03:00,0.004532773125163195,0.003101164959142938,0.0027440702052309142,0.0014316081660202574,0.001788702919932281,22,2026-08-06,1
2026-08-06 23:00:00-03:00,0.002297869388376063,0.0025069538787920558,0.004532773125163195,0.00020908449041599254,0.002234903736787132,23,2026-08-06,1
2026-08-07 00:00:00-03:00,0.0030827110613580854,0.0027014602698823866,0.002297869388376063,0.00038125079147569886,0.0007848416729820222,0,2026-08-07,1
2026-08-07 01:00:00-03:00,0.0034565175593360927,0.0025265856773767966,0.0030827110613580854,0.0009299318819592961,0.0003738064979780073,1,2026-08-07,0
2026-08-07 02:00:00-03:00,0.002796710381854172,0.0024007427424078036,0.0034565175593360927,0.00039596763944636836,0.0006598071774819208,2,2026-08-07,1
2026-08-07 03:00:00-03:00,0.002676157154619747,0.0025453552366656875,0.002796710381854172,0.0001308019179540594,0.00012055322723442509,3,2026-08-07,0
2026-08-07 04:00:00-03:00,0.005694736842105223,0.003063186407287406,0.002676157154619747,0.002631550434817817,0.003018579687485476,4,2026-08-07,1
2026-08-07 05:00:00-03:00,0.005629454472995738,0.002882120583707138,0.005694736842105223,0.0027473338892886,6.5282369109485e-05,5,2026-08-07,0
2026-08-07 06:00:00-03:00,0.001756711485410511,0.0027577000003879077,0.005629454472995738,0.0010009885149773966,0.003872742987585227,6,2026-08-07,1
2026-08-07 07:00:00-03:00,0.004916040263275528,0.0033674092237812024,0.001756711485410511,0.0015486310394943257,0.003159328777865017,7,2026-08-07,1
2026-08-07 08:00:00-03:00,0.006198738228324494,0.0033450564208916834,0.004916040263275528,0.002853681807432811,0.0012826979650489663,8,2026-08-07,0
2026-08-07 09:00:00-03:00,0.00543491971295157,0.005147409406940614,0.006198738228324494,0.00028751030601095566,0.0007638185153729243,9,2026-08-07,1
2026-08-07 10:00:00-03:00,0.007497616151241138,0.007114890677688294,0.00543491971295157,0.00038272547355284407,0.002062696438289568,10,2026-08-07,1
2026-08-07 11:00:00-03:00,0.0037179153792969467,0.0071045146848247,0.007497616151241138,0.003386599305527753,0.0037797007719441913,11,2026-08-07,1
2026-08-07 12:00:00-03:00,0.0039854043879408415,0.004720661994680378,0.0037179153792969467,0.0007352576067395367,0.0002674890086438947,12,2026-08-07,0
2026-08-07 13:00:00-03:00,0.004691162558155078,0.004829161765809185,0.0039854043879408415,0.0001379992076541072,0.0007057581702142367,13,2026-08-07,1
2026-08-07 14:00:00-03:00,0.0031687400006580216,0.004912906172730831,0.004691162558155078,0.0017441661720728097,0.0015224225574970566,14,2026-08-07,0
2026-08-07 15:00:00-03:00,0.004678229698769135,0.003453473405440501,0.0031687400006580216,0.0012247562933286344,0.0015094896981111138,15,2026-08-07,1
2026-08-07 16:00:00-03:00,0.0016246998707135022,0.004443175295996893,0.004678229698769135,0.002818475425283391,0.003053529828055633,16,2026-08-07,1
2026-08-07 17:00:00-03:00,0.00267989115945491,0.002792971141131827,0.0016246998707135022,0.00011307998167691714,0.0010551912887414078,17,2026-08-07,1
2026-08-07 18:00:00-03:00,0.0015673159906299638,0.003076538901269456,0.00267989115945491,0.0015092229106394921,0.0011125751688249462,18,2026-08-07,0
2026-08-07 19:00:00-03:00,0.0008195838805825641,0.0018522450275227642,0.0015673159906299638,0.0010326611469402,0.0007477321100473997,19,2026-08-07,0
2026-08-07 20:00:00-03:00,0.002615317867929877,0.0015905355333149488,0.0008195838805825641,0.0010247823346149283,0.001795733987347313,20,2026-08-07,1
2026-08-07 21:00:00-03:00,0.000863171389973976,0.0014160782607711246,0.002615317867929877,0.0005529068707971486,0.001752146477955901,21,2026-08-07,1
2026-08-07 22:00:00-03:00,0.0009700577460066475,0.0015604584822520031,0.000863171389973976,0.0005904007362453556,0.00010688635603267149,22,2026-08-07,0
2026-08-07 23:00:00-03:00,0.002397244475881498,0.0013084677433302073,0.0009700577460066475,0.0010887767325512907,0.0014271867298748507,23,2026-08-07,1
2026-08-08 00:00:00-03:00,0.0015376787434256223,0.0014131979997661173,0.002397244475881498,0.00012448074365950502,0.0008595657324558758,0,2026-08-08,1
2026-08-08 01:00:00-03:00,0.0006560465288384209,0.0015169409279658938,0.0015376787434256223,0.0008608943991274729,0.0008816322145872013,1,2026-08-08,1
2026-08-08 02:00:00-03:00,0.0008336075362182757,0.0014402011878624434,0.0006560465288384209,0.0006065936516441677,0.00017756100737985477,2,2026-08-08,0
2026-08-08 03:00:00-03:00,0.00085083128078824,0.0013265588530903313,0.0008336075362182757,0.00047572757230209125,1.72237445699643e-05,3,2026-08-08,0
2026-08-08 04:00:00-03:00,0.001106873617465806,0.0013284941030049242,0.00085083128078824,0.0002216204855391181,0.0002560423366775661,4,2026-08-08,1
2026-08-08 05:00:00-03:00,0.000877307567385465,0.0012152626566483595,0.001106873617465806,0.0003379550892628945,0.00022956605008034108,5,2026-08-08,0
2026-08-08 06:00:00-03:00,0.0004325763196462507,0.001428658898691338,0.000877307567385465,0.0009960825790450872,0.0004447312477392143,6,2026-08-08,0
2026-08-08 07:00:00-03:00,0.0010328264889979128,0.0012756180514834797,0.0004325763196462507,0.00024279156248556682,0.0006002501693516621,7,2026-08-08,1
2026-08-08 08:00:00-03:00,0.0019466733037638388,0.001340241706716739,0.0010328264889979128,0.0006064315970470999,0.000913846814765926,8,2026-08-08,1
2026-08-08 09:00:00-03:00,0.0002768580365812524,0.0017264573886318511,0.0019466733037638388,0.0014495993520505987,0.0016698152671825864,9,2026-08-08,1
2026-08-08 10:00:00-03:00,0.002721828149725024,0.0017532998795918803,0.0002768580365812524,0.0009685282701331437,0.0024449701131437716,10,2026-08-08,1
2026-08-08 11:00:00-03:00,0.0013561599254588684,0.0021795232679645707,0.002721828149725024,0.0008233633425057023,0.0013656682242661556,11,2026-08-08,1
2026-08-08 12:00:00-03:00,0.0011956405672762873,0.001519403398924194,0.0013561599254588684,0.0003237628316479066,0.00016051935818258106,12,2026-08-08,0
2026-08-08 13:00:00-03:00,0.0011446604140832985,0.0016633655950167828,0.0011956405672762873,0.0005187051809334843,5.098015319298884e-05,13,2026-08-08,0
2026-08-08 14:00:00-03:00,0.0014484025984228713,0.0017310326846075377,0.0011446604140832985,0.00028263008618466647,0.00030374218433957276,14,2026-08-08,1
2026-08-08 15:00:00-03:00,0.0011726395577069382,0.0017257096794176148,0.0014484025984228713,0.0005530701217106766,0.00027576304071593306,15,2026-08-08,0
2026-08-08 16:00:00-03:00,0.0006239781225065356,0.0016639117057851043,0.0011726395577069382,0.0010399335832785687,0.0005486614352004026,16,2026-08-08,0
2026-08-08 17:00:00-03:00,0.0012595950099795398,0.001910747274733578,0.0006239781225065356,0.0006511522647540382,0.0006356168874730042,17,2026-08-08,0
2026-08-08 18:00:00-03:00,0.0013830509059114572,0.0020030490202344606,0.0012595950099795398,0.0006199981143230034,0.00012345589593191738,18,2026-08-08,0
2026-08-08 19:00:00-03:00,0.000615431032624863,0.0017332353420809149,0.0013830509059114572,0.001117804309456052,0.0007676198732865942,19,2026-08-08,0
2026-08-08 20:00:00-03:00,0.000519595251305753,0.001765761578234773,0.000615431032624863,0.00124616632692902,9.583578131911006e-05,20,2026-08-08,0
2026-08-08 21:00:00-03:00,0.0025233782896653613,0.0020140170457543355,0.000519595251305753,0.0005093612439110258,0.0020037830383596083,21,2026-08-08,1
2026-08-08 22:00:00-03:00,0.001315026023599892,0.0016623081896435057,0.0025233782896653613,0.0003472821660436137,0.0012083522660654693,22,2026-08-08,1
2026-08-08 23:00:00-03:00,0.0013880485516015158,0.001341868998126765,0.001315026023599892,4.6179553474750765e-05,7.302252800162382e-05,23,2026-08-08,1
2026-08-09 00:00:00-03:00,0.0006348691826811358,0.00164412745223101,0.0013880485516015158,0.0010092582695498742,0.00075317936892038,0,2026-08-09,0
2026-08-09 01:00:00-03:00,0.0003793117390039216,0.0014814275764847144,0.0006348691826811358,0.0011021158374807927,0.00025555744367721417,1,2026-08-09,0
2026-08-09 02:00:00-03:00,0.0010106400941619401,0.0016620166393868292,0.0003793117390039216,0.0006513765452248891,0.0006313283551580185,2,2026-08-09,0
2026-08-09 03:00:00-03:00,0.0005224744215836794,0.0018596970942977228,0.0010106400941619401,0.0013372226727140434,0.0004881656725782607,3,2026-08-09,0
2026-08-09 04:00:00-03:00,0.0025910092780222545,0.0017120887745794235,0.0005224744215836794,0.0008789205034428311,0.002068534856438575,4,2026-08-09,1
2026-08-09 05:00:00-03:00,0.0010508979566986312,0.0017208910635023483,0.0025910092780222545,0.0006699931068037171,0.0015401113213236233,5,2026-08-09,1
2026-08-09 06:00:00-03:00,0.0017891048410510915,0.0016912953728163602,0.0010508979566986312,9.780946823473129e-05,0.0007382068843524603,6,2026-08-09,1
2026-08-09 07:00:00-03:00,0.0007698229407236335,0.0017872734507162792,0.0017891048410510915,0.0010174505099926458,0.001019281900327458,7,2026-08-09,1
2026-08-09 08:00:00-03:00,0.0007339889048833244,0.0017740854546350782,0.0007698229407236335,0.0010400965497517538,3.5834035840309124e-05,8,2026-08-09,0
2026-08-09 09:00:00-03:00,0.004690141549082187,0.002008773868545427,0.0007339889048833244,0.00268136768053676,0.003956152644198863,9,2026-08-09,1
2026-08-09 10:00:00-03:00,0.0022839408084675884,0.0031091416154210047,0.004690141549082187,0.0008252008069534163,0.0024062007406145986,10,2026-08-09,1
2026-08-09 11:00:00-03:00,0.000766533984744134,0.002503371123524184,0.0022839408084675884,0.0017368371387800497,0.0015174068237234543,11,2026-08-09,0
2026-08-09 12:00:00-03:00,0.0012831098289891622,0.00209710165017257,0.000766533984744134,0.0008139918211834078,0.0005165758442450282,12,2026-08-09,0
2026-08-09 13:00:00-03:00,0.0006211782201725557,0.0018328023924152634,0.0012831098289891622,0.0012116241722427076,0.0006619316088166065,13,2026-08-09,0
2026-08-09 14:00:00-03:00,0.00042944996049060365,0.0013924556020731805,0.0006211782201725557,0.0009630056415825768,0.000191728259681952,14,2026-08-09,0
2026-08-09 15:00:00-03:00,0.00046455497689036645,0.0011883748691993792,0.00042944996049060365,0.0007238198923090128,3.51050163997628e-05,15,2026-08-09,0
2026-08-09 16:00:00-03:00,0.0020838847271237534,0.0017450101255463944,0.00046455497689036645,0.00033887460157735897,0.001619329750233387,16,2026-08-09,1
2026-08-09 17:00:00-03:00,0.0020700078336642804,0.0017576455046348707,0.0020838847271237534,0.0003123623290294097,1.3876893459472978e-05,17,2026-08-09,0
2026-08-09 18:00:00-03:00,0.00773005816329017,0.002253307081310765,0.0020700078336642804,0.005476751081979405,0.00566005032962589,18,2026-08-09,1
2026-08-09 19:00:00-03:00,0.004089422154372543,0.004913777900527301,0.00773005816329017,0.0008243557461547583,0.003640636008917627,19,2026-08-09,1
2026-08-09 20:00:00-03:00,0.007631448154253192,0.004654529831816029,0.004089422154372543,0.0029769183224371623,0.0035420259998806486,20,2026-08-09,1
2026-08-09 21:00:00-03:00,0.007533978759622442,0.006988612968344576,0.007631448154253192,0.0005453657912778661,9.746939463074929e-05,21,2026-08-09,0
2026-08-09 22:00:00-03:00,0.0048611374594681065,0.006940112497395317,0.007533978759622442,0.0020789750379272103,0.002672841300154336,22,2026-08-09,1
2026-08-09 23:00:00-03:00,0.004108983394019391,0.005364095844218426,0.0048611374594681065,0.0012551124501990352,0.0007521540654487156,23,2026-08-09,0
2026-08-10 00:00:00-03:00,0.002707411986420483,0.0039432679769465144,0.004108983394019391,0.0012358559905260315,0.001401571407598908,0,2026-08-10,1
2026-08-10 01:00:00-03:00,0.002753861270611395,0.003331727109075537,0.002707411986420483,0.0005778658384641418,4.644928419091218e-05,1,2026-08-10,0
2026-08-10 02:00:00-03:00,0.0032112086787932973,0.0035665715516350967,0.002753861270611395,0.0003553628728417994,0.0004573474081819022,2,2026-08-10,1
2026-08-10 03:00:00-03:00,0.002800496236890672,0.004203848374927196,0.0032112086787932973,0.0014033521380365237,0.0004107124419026253,3,2026-08-10,0
2026-08-10 04:00:00-03:00,0.0020956208834376705,0.003929349402972518,0.002800496236890672,0.0018337285195348472,0.0007048753534530014,4,2026-08-10,0
2026-08-10 05:00:00-03:00,0.004413301226895185,0.004239310782321654,0.0020956208834376705,0.0001739904445735305,0.002317680343457514,5,2026-08-10,1
2026-08-10 06:00:00-03:00,0.00165151432650613,0.004379424947911669,0.004413301226895185,0.002727910621405539,0.0027617869003890546,6,2026-08-10,1
2026-08-10 07:00:00-03:00,0.0023374696242575268,0.003764103761812898,0.00165151432650613,0.0014266341375553711,0.0006859552977513967,7,2026-08-10,0
2026-08-10 08:00:00-03:00,0.005978040950659625,0.0038079958079848793,0.0023374696242575268,0.002170045142674746,0.0036405713264020985,8,2026-08-10,1
2026-08-10 09:00:00-03:00,0.007058488602734909,0.005144985365413052,0.005978040950659625,0.001913503237321857,0.0010804476520752835,9,2026-08-10,0
2026-08-10 10:00:00-03:00,0.0053277508337617905,0.0058707929049817325,0.007058488602734909,0.0005430420712199419,0.0017307377689731182,10,2026-08-10,1
2026-08-10 11:00:00-03:00,0.007904822380221192,0.0071246153622785925,0.0053277508337617905,0.0007802070179425994,0.0025770715464594014,11,2026-08-10,1
2026-08-10 12:00:00-03:00,0.008190796757356473,0.006246268262205793,0.007904822380221192,0.00194452849515068,0.00028597437713528094,12,2026-08-10,0
2026-08-10 13:00:00-03:00,0.003050988662931467,0.007193430829473113,0.008190796757356473,0.0041424421665416464,0.005139808094425006,13,2026-08-10,1
2026-08-10 14:00:00-03:00,0.0033553302042796562,0.0043335408529576935,0.003050988662931467,0.0009782106486780373,0.00030434154134818944,14,2026-08-10,0
2026-08-10 15:00:00-03:00,0.003330902777235544,0.00339479524182663,0.0033553302042796562,6.389246459108594e-05,2.4427427044112354e-05,15,2026-08-10,0
2026-08-10 16:00:00-03:00,0.0029949266270252804,0.003608346783527656,0.003330902777235544,0.0006134201565023757,0.0003359761502102635,16,2026-08-10,0
2026-08-10 17:00:00-03:00,0.0026802319221091784,0.003293108249142119,0.0029949266270252804,0.0006128763270329407,0.00031469470491610196,17,2026-08-10,0
2026-08-10 18:00:00-03:00,0.0017487815546113018,0.0037648452975770235,0.0026802319221091784,0.0020160637429657217,0.0009314503674978766,18,2026-08-10,0
2026-08-10 19:00:00-03:00,0.0015524462165942708,0.0026409706012967336,0.0017487815546113018,0.0010885243847024628,0.000196335338017031,19,2026-08-10,0
2026-08-10 20:00:00-03:00,0.0025352904434728387,0.002184750572891344,0.0015524462165942708,0.0003505398705814949,0.0009828442268785679,20,2026-08-10,1
2026-08-10 21:00:00-03:00,0.00190287976422401,0.0035073515550351235,0.0025352904434728387,0.0016044717908111135,0.0006324106792488288,21,2026-08-10,0
2026-08-10 22:00:00-03:00,0.0008743907955379214,0.002497972511327393,0.00190287976422401,0.0016235817157894716,0.0010284889686860885,22,2026-08-10,0
2026-08-10 23:00:00-03:00,0.0020483201545756675,0.001624736562159692,0.0008743907955379214,0.0004235835924159756,0.0011739293590377461,23,2026-08-10,1
2026-08-11 00:00:00-03:00,0.002165298341187552,0.0014071781000584158,0.0020483201545756675,0.0007581202411291363,0.00011697818661188459,0,2026-08-11,0
2026-08-11 01:00:00-03:00,0.0013739062500000045,0.0013160351398352516,0.002165298341187552,5.787111016475289e-05,0.0007913920911875477,1,2026-08-11,1
2026-08-11 02:00:00-03:00,0.0031019576896910562,0.0018601474868882432,0.0013739062500000045,0.001241810202802813,0.0017280514396910518,2,2026-08-11,1
2026-08-11 03:00:00-03:00,0.003073549632183995,0.002165335144592098,0.0031019576896910562,0.000908214487591897,2.8408057507061345e-05,3,2026-08-11,0
2026-08-11 04:00:00-03:00,0.0016224793373997338,0.0022284812860197734,0.003073549632183995,0.0006060019486200396,0.001451070294784261,4,2026-08-11,1
2026-08-11 05:00:00-03:00,0.002775894245723141,0.001701130210350646,0.0016224793373997338,0.001074764035372495,0.0011534149083234073,5,2026-08-11,1
2026-08-11 06:00:00-03:00,0.001754543559462868,0.00282656505979479,0.002775894245723141,0.0010720215003319218,0.001021350686260273,6,2026-08-11,0
2026-08-11 07:00:00-03:00,0.0025900157432328995,0.0023134465669660703,0.001754543559462868,0.0002765691762668292,0.0008354721837700314,7,2026-08-11,1
2026-08-11 08:00:00-03:00,0.003744131238282111,0.003069710777468479,0.0025900157432328995,0.0006744204608136318,0.0011541154950492115,8,2026-08-11,1
2026-08-11 09:00:00-03:00,0.004959791452622921,0.002628399537614662,0.003744131238282111,0.0023313919150082588,0.0012156602143408098,9,2026-08-11,0
2026-08-11 10:00:00-03:00,0.008610314280862057,0.0035464785845262053,0.004959791452622921,0.005063835696335851,0.003650522828239136,10,2026-08-11,0
2026-08-11 11:00:00-03:00,0.006555586420786585,0.006498549500811609,0.008610314280862057,5.703691997497543e-05,0.002054727860075472,11,2026-08-11,1
2026-08-11 12:00:00-03:00,0.0031562246162532364,0.005821224470907506,0.006555586420786585,0.00266499985465427,0.0033993618045333484,12,2026-08-11,1
2026-08-11 13:00:00-03:00,0.002689289440239243,0.004429868148894595,0.0031562246162532364,0.0017405787086553514,0.00046693517601399323,13,2026-08-11,0
2026-08-11 14:00:00-03:00,0.0059085034068887985,0.0031995354645345388,0.002689289440239243,0.00270896794235426,0.0032192139666495554,14,2026-08-11,1
2026-08-11 15:00:00-03:00,0.004690254343993956,0.0038626128973506153,0.0059085034068887985,0.0008276414466433409,0.0012182490628948424,15,2026-08-11,1
2026-08-11 16:00:00-03:00,0.0033318167555695423,0.004003412600548583,0.004690254343993956,0.0006715958449790404,0.001358437588424414,16,2026-08-11,1
2026-08-11 17:00:00-03:00,0.002302084424525252,0.0035612911328467803,0.0033318167555695423,0.0012592067083215283,0.0010297323310442903,17,2026-08-11,0
2026-08-11 18:00:00-03:00,0.002226376029963959,0.004089944248607096,0.002302084424525252,0.001863568218643137,7.570839456129321e-05,18,2026-08-11,0
2026-08-11 19:00:00-03:00,0.001964622641509388,0.0031370525986229333,0.002226376029963959,0.0011724299571135451,0.0002617533884545706,19,2026-08-11,0
2026-08-11 20:00:00-03:00,0.0033183735639585724,0.002817096250373147,0.001964622641509388,0.0005012773135854255,0.0013537509224491842,20,2026-08-11,1
2026-08-11 21:00:00-03:00,0.0024652974748408606,0.0038925933495961283,0.0033183735639585724,0.0014272958747552677,0.0008530760891177118,21,2026-08-11,0
2026-08-11 22:00:00-03:00,0.002781030077603443,0.003997126100254936,0.0024652974748408606,0.0012160960226514925,0.00031573260276258246,22,2026-08-11,0
2026-08-11 23:00:00-03:00,0.0021314128999200127,0.0023957012223358087,0.002781030077603443,0.000264288322415796,0.0006496171776834304,23,2026-08-11,1
2026-08-12 00:00:00-03:00,0.0023746432076234515,0.0030194769498878603,0.0021314128999200127,0.0006448337422644088,0.00024323030770343878,0,2026-08-12,0
2026-08-12 01:00:00-03:00,0.002275804801069471,0.0026234639531034472,0.0023746432076234515,0.0003476591520339763,9.883840655398055e-05,1,2026-08-12,0
2026-08-12 02:00:00-03:00,0.0038264395214902456,0.002928790455263996,0.002275804801069471,0.0008976490662262497,0.0015506347204207746,2,2026-08-12,1
2026-08-12 03:00:00-03:00,0.00303737633343408,0.0025344754021809786,0.0038264395214902456,0.0005029009312531012,0.0007890631880561657,3,2026-08-12,1
2026-08-12 04:00:00-03:00,0.0014612444184443764,0.00245313006291215,0.00303737633343408,0.0009918856444677735,0.0015761319149897035,4,2026-08-12,1
2026-08-12 05:00:00-03:00,0.005653825113896189,0.0024946137297921587,0.0014612444184443764,0.00315921138410403,0.004192580695451812,5,2026-08-12,1
2026-08-12 06:00:00-03:00,0.0024633882602969667,0.003173506644519988,0.005653825113896189,0.0007101183842230215,0.003190436853599222,6,2026-08-12,1
2026-08-12 07:00:00-03:00,0.002117059702951617,0.0024344176908067767,0.0024633882602969667,0.00031735798785515953,0.0003463285573453495,7,2026-08-12,1
2026-08-12 08:00:00-03:00,0.008166443672312264,0.002936927978204361,0.002117059702951617,0.005229515694107903,0.006049383969360647,8,2026-08-12,1
2026-08-12 09:00:00-03:00,0.00500250626566417,0.005043570810417268,0.008166443672312264,4.1064544753098044e-05,0.003163937406648094,9,2026-08-12,1
2026-08-12 10:00:00-03:00,0.008891411902046268,0.007341045860137096,0.00500250626566417,0.0015503660419091715,0.003888905636382098,10,2026-08-12,1
2026-08-12 11:00:00-03:00,0.004003847956234338,0.006906347610562413,0.008891411902046268,0.0029024996543280755,0.00488756394581193,11,2026-08-12,1
2026-08-12 12:00:00-03:00,0.0033019845612337635,0.004963550707425879,0.004003847956234338,0.0016615661461921154,0.0007018633950005744,12,2026-08-12,0
2026-08-12 13:00:00-03:00,0.002199429660789944,0.003414768039539298,0.0033019845612337635,0.0012153383787493538,0.0011025549004438193,13,2026-08-12,0
2026-08-12 14:00:00-03:00,0.0023441866804949836,0.003039660849417119,0.002199429660789944,0.0006954741689221356,0.00014475701970503938,14,2026-08-12,0
2026-08-12 15:00:00-03:00,0.0024406699914271586,0.0030549728223338733,0.0023441866804949836,0.0006143028309067147,9.648331093217504e-05,15,2026-08-12,0
2026-08-12 16:00:00-03:00,0.0028127362913107287,0.0032852794082559823,0.0024406699914271586,0.0004725431169452536,0.0003720662998835701,16,2026-08-12,0
2026-08-12 17:00:00-03:00,0.0037754945932578893,0.00391941094886444,0.0028127362913107287,0.00014391635560655073,0.0009627583019471606,17,2026-08-12,1
2026-08-12 18:00:00-03:00,0.0026169641072337304,0.0038130746028680685,0.0037754945932578893,0.001196110495634338,0.001158530486024159,18,2026-08-12,0
2026-08-12 19:00:00-03:00,0.0016487085142892464,0.004184737712700176,0.0026169641072337304,0.0025360291984109296,0.000968255592944484,19,2026-08-12,0
2026-08-12 20:00:00-03:00,0.004043462143854642,0.0038930980546500356,0.0016487085142892464,0.00015036408920460643,0.002394753629565396,20,2026-08-12,1
2026-08-12 21:00:00-03:00,0.003927438981053222,0.0034852484850970756,0.004043462143854642,0.00044219049595614667,0.00011602316280141974,21,2026-08-12,0
2026-08-12 22:00:00-03:00,0.003178599027757824,0.0036493501428051947,0.003927438981053222,0.00047075111504737066,0.0007488399532953982,22,2026-08-12,1
2026-08-12 23:00:00-03:00,0.002705391095478393,0.0029361191137098836,0.003178599027757824,0.00023072801823149046,0.00047320793227943097,23,2026-08-12,1
2026-08-13 00:00:00-03:00,0.002927132242509269,0.002764373592810087,0.002705391095478393,0.00016275864969918187,0.00022174114703087588,0,2026-08-13,1
2026-08-13 01:00:00-03:00,0.005296972353548961,0.002677781521032277,0.002927132242509269,0.0026191908325166845,0.0023698401110396924,1,2026-08-13,0
2026-08-13 02:00:00-03:00,0.0028915108687747543,0.0032685918889683733,0.005296972353548961,0.00037708102019361894,0.002405461484774207,2,2026-08-13,1
2026-08-13 03:00:00-03:00,0.0014242355537795969,0.0033388629011828572,0.0028915108687747543,0.0019146273474032604,0.0014672753149951574,3,2026-08-13,0
2026-08-13 04:00:00-03:00,0.0027130105321264354,0.003296875817067339,0.0014242355537795969,0.0005838652849409036,0.0012887749783468386,4,2026-08-13,1
2026-08-13 05:00:00-03:00,0.0031121320785718496,0.003029160728820092,0.0027130105321264354,8.297134975175776e-05,0.0003991215464454142,5,2026-08-13,1
2026-08-13 06:00:00-03:00,0.003647378784277301,0.0029876507635413063,0.0031121320785718496,0.0006597280207359946,0.0005352467057054512,6,2026-08-13,0
2026-08-13 07:00:00-03:00,0.004895068544506311,0.003173882898105211,0.003647378784277301,0.0017211856464011003,0.0012476897602290106,7,2026-08-13,0
2026-08-13 08:00:00-03:00,0.004081776188048057,0.0041268650007376,0.004895068544506311,4.508881268954282e-05,0.0008132923564582546,8,2026-08-13,1
2026-08-13 09:00:00-03:00,0.004456719603289185,0.0047541417647018296,0.004081776188048057,0.00029742216141264485,0.0003749434152411279,9,2026-08-13,1
2026-08-13 10:00:00-03:00,0.004901388909550584,0.0057368161371008095,0.004456719603289185,0.0008354272275502258,0.000444669306261399,10,2026-08-13,0
2026-08-13 11:00:00-03:00,0.008200566351219461,0.0038373616340557555,0.004901388909550584,0.004363204717163706,0.003299177441668877,11,2026-08-13,0
2026-08-13 12:00:00-03:00,0.012138987047683474,0.007018653698473543,0.008200566351219461,0.005120333349209931,0.003938420696464013,12,2026-08-13,0
2026-08-13 13:00:00-03:00,0.0034867711109048544,0.007646607410439696,0.012138987047683474,0.0041598362995348415,0.00865221593677862,13,2026-08-13,1
2026-08-13 14:00:00-03:00,0.004172958458379325,0.006329948417412727,0.0034867711109048544,0.002156989959033402,0.0006861873474744706,14,2026-08-13,0
2026-08-13 15:00:00-03:00,0.0033022652192570595,0.004341321610468553,0.004172958458379325,0.0010390563912114933,0.0008706932391222655,15,2026-08-13,0
2026-08-13 16:00:00-03:00,0.0016768757820439387,0.0032775353054332896,0.0033022652192570595,0.001600659523389351,0.0016253894372131208,16,2026-08-13,1
2026-08-13 17:00:00-03:00,0.0017329930365188896,0.0032498737552989114,0.0016768757820439387,0.0015168807187800218,5.6117254474950936e-05,17,2026-08-13,0
2026-08-13 18:00:00-03:00,0.002613095763718627,0.0025580217317483322,0.0017329930365188896,5.507403197029491e-05,0.0008801027271997375,18,2026-08-13,1
2026-08-13 19:00:00-03:00,0.0021897640069767337,0.003667168139341743,0.002613095763718627,0.0014774041323650094,0.0004233317567418934,19,2026-08-13,0
2026-08-13 20:00:00-03:00,0.0022503420995271272,0.0027076339317905415,0.0021897640069767337,0.0004572918322634143,6.05780925503935e-05,20,2026-08-13,0
2026-08-13 21:00:00-03:00,0.002012084460988782,0.0035362268028428893,0.0022503420995271272,0.0015241423418541076,0.00023825763853834543,21,2026-08-13,0
2026-08-13 22:00:00-03:00,0.0023961091234135598,0.0033150229481829076,0.002012084460988782,0.0009189138247693478,0.00038402466242477796,22,2026-08-13,0
2026-08-13 23:00:00-03:00,0.004334544305796845,0.002445890142961856,0.0023961091234135598,0.0018886541628349894,0.0019384351823832856,23,2026-08-13,1
2026-08-14 00:00:00-03:00,0.003100711096411444,0.0033408670223759613,0.004334544305796845,0.00024015592596451744,0.0012338332093854015,0,2026-08-14,1
2026-08-14 01:00:00-03:00,0.001792841665873901,0.0022168922403802346,0.003100711096411444,0.0004240505745063336,0.0013078694305375428,1,2026-08-14,1
2026-08-14 02:00:00-03:00,0.0069525363903342186,0.002707592542989564,0.001792841665873901,0.004244943847344655,0.0051596947244603175,2,2026-08-14,1
2026-08-14 03:00:00-03:00,0.003019670131234864,0.0034983177296772634,0.0069525363903342186,0.0004786475984423994,0.003932866259099355,3,2026-08-14,1
2026-08-14 04:00:00-03:00,0.004731966200831581,0.002800707221531168,0.003019670131234864,0.0019312589793004133,0.0017122960695967171,4,2026-08-14,0
2026-08-14 05:00:00-03:00,0.0031215387126698867,0.00287023268629638,0.004731966200831581,0.00025130602637350686,0.0016104274881616944,5,2026-08-14,1
2026-08-14 06:00:00-03:00,0.0032798347633191637,0.0037737263015607293,0.0031215387126698867,0.0004938915382415657,0.00015829605064927692,6,2026-08-14,0
2026-08-14 07:00:00-03:00,0.001953591310670164,0.0032676674350003835,0.0032798347633191637,0.0013140761243302197,0.0013262434526489998,7,2026-08-14,1
2026-08-14 08:00:00-03:00,0.0029811119209571958,0.003580546402069872,0.001953591310670164,0.0005994344811126764,0.001027520610287032,8,2026-08-14,1
2026-08-14 09:00:00-03:00,0.003467958128550484,0.0037480817551160087,0.0029811119209571958,0.00028012362656552447,0.00048684620759328846,9,2026-08-14,1
2026-08-14 10:00:00-03:00,0.004194186490867686,0.003659655918209334,0.003467958128550484,0.0005345305726583518,0.0007262283623172016,10,2026-08-14,1
2026-08-14 11:00:00-03:00,0.007575373922761926,0.004569917856246434,0.004194186490867686,0.003005456066515492,0.00338118743189424,11,2026-08-14,1
2026-08-14 12:00:00-03:00,0.003939589580678923,0.004553016481998693,0.007575373922761926,0.0006134269013197699,0.003635784342083003,12,2026-08-14,1
2026-08-14 13:00:00-03:00,0.003920576623905106,0.0037218741542391328,0.003939589580678923,0.00019870246966597303,1.9012956773816966e-05,13,2026-08-14,0
2026-08-14 14:00:00-03:00,0.003072619883581785,0.0035816588652750176,0.003920576623905106,0.0005090389816932326,0.0008479567403233208,14,2026-08-14,1
2026-08-14 15:00:00-03:00,0.002636257594129086,0.0033411561937110985,0.003072619883581785,0.0007048985995820123,0.0004363622894526988,15,2026-08-14,0
2026-08-14 16:00:00-03:00,0.0019693966976003915,0.0036116232792977286,0.002636257594129086,0.001642226581697337,0.0006668608965286946,16,2026-08-14,0
2026-08-14 17:00:00-03:00,0.00101655069110988,0.0029533502683094523,0.0019693966976003915,0.0019367995771995723,0.0009528460064905115,17,2026-08-14,0
2026-08-14 18:00:00-03:00,0.002500998618471752,0.002153943659145041,0.00101655069110988,0.00034705495932671124,0.001484447927361872,18,2026-08-14,1
2026-08-14 19:00:00-03:00,0.003189857933149691,0.0021973925051969254,0.002500998618471752,0.0009924654279527658,0.0006888593146779391,19,2026-08-14,0
2026-08-14 20:00:00-03:00,0.0010566506949869867,0.002752483830840822,0.003189857933149691,0.0016958331358538352,0.0021332072381627046,20,2026-08-14,1
2026-08-14 21:00:00-03:00,0.0009233068438434361,0.002447239923100024,0.0010566506949869867,0.0015239330792565877,0.00013334385114355056,21,2026-08-14,0
2026-08-14 22:00:00-03:00,0.001566023979633335,0.0014264175250951795,0.0009233068438434361,0.0001396064545381554,0.0006427171357898988,22,2026-08-14,1
2026-08-14 23:00:00-03:00,0.00234713824071696,0.0015140130470730733,0.001566023979633335,0.0008331251936438868,0.0007811142610836253,23,2026-08-14,0
2026-08-15 00:00:00-03:00,0.0015905706409809807,0.001569017506821098,0.00234713824071696,2.155313415988275e-05,0.0007565675997359795,0,2026-08-15,1
2026-08-15 01:00:00-03:00,0.0018350267083010363,0.0010956234784034217,0.0015905706409809807,0.0007394032298976146,0.00024445606732005566,1,2026-08-15,0
2026-08-15 02:00:00-03:00,0.0016945344569598878,0.0014442764789630727,0.0018350267083010363,0.0002502579779968151,0.0001404922513411485,2,2026-08-15,0
2026-08-15 03:00:00-03:00,0.0014717299588762494,0.001626448685818122,0.0016945344569598878,0.00015471872694187267,0.0002228044980836384,3,2026-08-15,1
2026-08-15 04:00:00-03:00,0.0024165926758286673,0.0014745457665148846,0.0014717299588762494,0.0009420469093137827,0.0009448627169524179,4,2026-08-15,1
2026-08-15 05:00:00-03:00,0.001996338908316938,0.0017351938561222038,0.0024165926758286673,0.00026114505219473417,0.0004202537675117293,5,2026-08-15,1
2026-08-15 06:00:00-03:00,0.0007870431319303707,0.0012668946331449197,0.001996338908316938,0.00047985150121454903,0.0012092957763865674,6,2026-08-15,1
2026-08-15 07:00:00-03:00,0.0009177745996994349,0.0013730509788851188,0.0007870431319303707,0.00045527637918568395,0.00013073146776906418,7,2026-08-15,0
2026-08-15 08:00:00-03:00,0.0017252938257224662,0.0013553375625291741,0.0009177745996994349,0.0003699562631932921,0.0008075192260230314,8,2026-08-15,1
2026-08-15 09:00:00-03:00,0.0008368174296526549,0.0017005764990323257,0.0017252938257224662,0.0008637590693796708,0.0008884763960698113,9,2026-08-15,1
2026-08-15 10:00:00-03:00,0.0010085659898477434,0.001892228138357685,0.0008368174296526549,0.0008836621485099417,0.00017174856019508845,10,2026-08-15,0
2026-08-15 11:00:00-03:00,0.001396025866652454,0.0013543218897444987,0.0010085659898477434,4.170397690795528e-05,0.0003874598768047106,11,2026-08-15,1
2026-08-15 12:00:00-03:00,0.0009233456683818892,0.0014404207528929916,0.001396025866652454,0.0005170750845111024,0.00047268019827056474,12,2026-08-15,0
2026-08-15 13:00:00-03:00,0.0005466898153653959,0.0017529764981933644,0.0009233456683818892,0.0012062866828279686,0.0003766558530164933,13,2026-08-15,0
2026-08-15 14:00:00-03:00,0.001129285329376724,0.0012359576518542862,0.0005466898153653959,0.00010667232247756216,0.0005825955140113282,14,2026-08-15,1
2026-08-15 15:00:00-03:00,0.0011061988959238677,0.0017511136484246596,0.001129285329376724,0.0006449147525007918,2.308643345285636e-05,15,2026-08-15,0
2026-08-15 16:00:00-03:00,0.0007784063239809306,0.0017170840780158768,0.0011061988959238677,0.0009386777540349462,0.00032779257194293717,16,2026-08-15,0
2026-08-15 17:00:00-03:00,0.0010395978152928894,0.0015963838815061726,0.0007784063239809306,0.0005567860662132832,0.0002611914913119588,17,2026-08-15,0
2026-08-15 18:00:00-03:00,0.0006253215305742822,0.002025985784096236,0.0010395978152928894,0.0014006642535219537,0.0004142762847186072,18,2026-08-15,0
2026-08-15 19:00:00-03:00,0.0008553401934913798,0.0018056930710588796,0.0006253215305742822,0.0009503528775674998,0.00023001866291709765,19,2026-08-15,0
2026-08-15 20:00:00-03:00,0.0003889939133707206,0.001484593913092945,0.0008553401934913798,0.0010955999997222243,0.0004663462801206592,20,2026-08-15,0
2026-08-15 21:00:00-03:00,0.001170171315490039,0.0015484315835795194,0.0003889939133707206,0.00037826026808948036,0.0007811774021193184,21,2026-08-15,1
2026-08-15 22:00:00-03:00,0.0020178413485902966,0.0016824936141560296,0.001170171315490039,0.00033534773443426704,0.0008476700331002576,22,2026-08-15,1
2026-08-15 23:00:00-03:00,0.00022810074449550855,0.0017642756694420975,0.0020178413485902966,0.001536174924946589,0.001789740604094788,23,2026-08-15,1
2026-08-16 00:00:00-03:00,0.0010905054540331013,0.0013176656938278153,0.00022810074449550855,0.00022716023979471394,0.0008624047095375927,0,2026-08-16,1
2026-08-16 01:00:00-03:00,0.0008561992711841537,0.0016004480285110735,0.0010905054540331013,0.0007442487573269198,0.00023430618284894767,1,2026-08-16,0
2026-08-16 02:00:00-03:00,0.0006434191209639323,0.001557313500076728,0.0008561992711841537,0.0009138943791127956,0.00021278015022022133,2,2026-08-16,0
2026-08-16 03:00:00-03:00,0.00023754769586668915,0.0017343421580036564,0.0006434191209639323,0.0014967944621369672,0.0004058714250972432,3,2026-08-16,0
2026-08-16 04:00:00-03:00,0.0002971187723573194,0.0015741770341425349,0.00023754769586668915,0.0012770582617852154,5.957107649063025e-05,4,2026-08-16,0
2026-08-16 05:00:00-03:00,0.0016506677203339498,0.0014205128574602706,0.0002971187723573194,0.00023015486287367918,0.0013535489479766303,5,2026-08-16,1
2026-08-16 06:00:00-03:00,0.0007168866076472698,0.0017950482024764436,0.0016506677203339498,0.001078161594829174,0.00093378111268668,6,2026-08-16,0
2026-08-16 07:00:00-03:00,0.0005035416130407788,0.001747373933187666,0.0007168866076472698,0.0012438323201468871,0.000213344994606491,7,2026-08-16,0
2026-08-16 08:00:00-03:00,0.0004387358188365623,0.0018433399295272432,0.0005035416130407788,0.0014046041106906808,6.480579420421647e-05,8,2026-08-16,0
2026-08-16 09:00:00-03:00,0.0007622897617681905,0.002098385595667788,0.0004387358188365623,0.0013360958338995976,0.0003235539429316282,9,2026-08-16,0
2026-08-16 10:00:00-03:00,0.0006792086252839703,0.0022635099875467093,0.0007622897617681905,0.001584301362262739,8.308113648422023e-05,10,2026-08-16,0
2026-08-16 11:00:00-03:00,0.0006895089331314248,0.0021250774391466856,0.0006792086252839703,0.0014355685060152609,1.0300307847454539e-05,11,2026-08-16,0
2026-08-16 12:00:00-03:00,0.003993834335467248,0.001949305408332007,0.0006895089331314248,0.0020445289271352404,0.003304325402335823,12,2026-08-16,1
2026-08-16 13:00:00-03:00,0.0024761199063320746,0.002502718823586225,0.003993834335467248,2.659891725415031e-05,0.001517714429135173,13,2026-08-16,1
2026-08-16 14:00:00-03:00,0.0008506485423041906,0.0018908140235970774,0.0024761199063320746,0.0010401654812928869,0.001625471364027884,14,2026-08-16,1
2026-08-16 15:00:00-03:00,0.0020458316358682818,0.0019310053931255074,0.0008506485423041906,0.0001148262427427744,0.0011951830935640912,15,2026-08-16,1
2026-08-16 16:00:00-03:00,0.0017822092703740128,0.0018604230033393639,0.0020458316358682818,7.821373296535111e-05,0.000263622365494269,16,2026-08-16,1
2026-08-16 17:00:00-03:00,0.005262228702831647,0.001803039487035306,0.0017822092703740128,0.003459189215796341,0.003480019432457634,17,2026-08-16,1
2026-08-16 18:00:00-03:00,0.0037829598322781845,0.003971854229224123,0.005262228702831647,0.00018889439694593814,0.0014792688705534624,18,2026-08-16,1
2026-08-16 19:00:00-03:00,0.002603656597774194,0.0035123680199006012,0.0037829598322781845,0.0009087114221264072,0.0011793032345039905,19,2026-08-16,1
2026-08-16 20:00:00-03:00,0.0032566435369215238,0.002993031979218011,0.002603656597774194,0.0002636115577035127,0.0006529869391473297,20,2026-08-16,1
2026-08-16 21:00:00-03:00,0.005559752405566176,0.0031956823818800823,0.0032566435369215238,0.002364070023686094,0.0023031088686446526,21,2026-08-16,0
2026-08-16 22:00:00-03:00,0.0073010349297056515,0.004183427169394028,0.005559752405566176,0.0031176077603116232,0.0017412825241394751,22,2026-08-16,0
2026-08-16 23:00:00-03:00,0.002841277701551086,0.0050508668746513646,0.0073010349297056515,0.0022095891731002786,0.0044597572281545655,23,2026-08-16,1
2026-08-17 00:00:00-03:00,0.0023734331626488903,0.0031362124526378076,0.002841277701551086,0.0007627792899889173,0.0004678445389021957,0,2026-08-17,0
2026-08-17 01:00:00-03:00,0.0023326445233625838,0.002826398415898165,0.0023734331626488903,0.000493753892535581,4.078863928630655e-05,1,2026-08-17,0
2026-08-17 02:00:00-03:00,0.003757304102108472,0.00309508113936484,0.0023326445233625838,0.0006622229627436318,0.001424659578745888,2,2026-08-17,1
2026-08-17 03:00:00-03:00,0.002645067382304342,0.0034402604690664884,0.003757304102108472,0.0007951930867621465,0.0011122367198041299,3,2026-08-17,1
2026-08-17 04:00:00-03:00,0.003077901775994161,0.0029081085366184727,0.002645067382304342,0.00016979323937568822,0.000432834393689819,4,2026-08-17,1
2026-08-17 05:00:00-03:00,0.002100310846005209,0.0034483219709824688,0.003077901775994161,0.00134801112497726,0.0009775909299889521,5,2026-08-17,0
2026-08-17 06:00:00-03:00,0.006186156831424158,0.003253834713454936,0.002100310846005209,0.002932322117969222,0.004085845985418949,6,2026-08-17,1
2026-08-17 07:00:00-03:00,0.00305888158463392,0.003172080297009168,0.006186156831424158,0.00011319871237524788,0.0031272752467902377,7,2026-08-17,1
2026-08-17 08:00:00-03:00,0.0023120244941797737,0.003566189216169242,0.00305888158463392,0.001254164721989468,0.0007468570904541464,8,2026-08-17,0
2026-08-17 09:00:00-03:00,0.005582799192616721,0.004923369397543854,0.0023120244941797737,0.0006594297950728665,0.003270774698436947,9,2026-08-17,1
2026-08-17 10:00:00-03:00,0.00495691648371909,0.006178675205733437,0.005582799192616721,0.0012217587220143466,0.0006258827088976302,10,2026-08-17,0
2026-08-17 11:00:00-03:00,0.00646292834890963,0.005421947527815534,0.00495691648371909,0.0010409808210940959,0.0015060118651905397,11,2026-08-17,1
2026-08-17 12:00:00-03:00,0.0024708433620688306,0.006049569293480327,0.00646292834890963,0.0035787259314114966,0.0039920849868408,12,2026-08-17,1
2026-08-17 13:00:00-03:00,0.006928770159619729,0.0036726067002059654,0.0024708433620688306,0.0032561634594137634,0.004457926797550898,13,2026-08-17,1
2026-08-17 14:00:00-03:00,0.005114477407410747,0.005505283559220037,0.006928770159619729,0.00039080615180929045,0.001814292752208982,14,2026-08-17,1
2026-08-17 15:00:00-03:00,0.002185198062632893,0.004337959262435861,0.005114477407410747,0.002152761199802968,0.0029292793447778537,15,2026-08-17,1
2026-08-17 16:00:00-03:00,0.002608990176375501,0.003646892328193162,0.002185198062632893,0.0010379021518176611,0.00042379211374260787,16,2026-08-17,0
2026-08-17 17:00:00-03:00,0.002155260117653998,0.003448023846618991,0.002608990176375501,0.0012927637289649931,0.00045373005872150277,17,2026-08-17,0
2026-08-17 18:00:00-03:00,0.002061089183986966,0.0023515523847678606,0.002155260117653998,0.00029046320078089443,9.41709336670319e-05,18,2026-08-17,0
2026-08-17 19:00:00-03:00,0.004490168458798056,0.0024759563539834624,0.002061089183986966,0.0020142121048145937,0.00242907927481109,19,2026-08-17,1
2026-08-17 20:00:00-03:00,0.0031248587569744322,0.004602687388685379,0.004490168458798056,0.001477828631710947,0.0013653097018236238,20,2026-08-17,0
2026-08-17 21:00:00-03:00,0.0036091866580809915,0.00358278778095331,0.0031248587569744322,2.6398877127681644e-05,0.00048432790110655927,21,2026-08-17,1
2026-08-17 22:00:00-03:00,0.0034943642456650385,0.004080200307709145,0.0036091866580809915,0.0005858360620441061,0.00011482241241595305,22,2026-08-17,0
2026-08-17 23:00:00-03:00,0.0023014719480450945,0.002878448354552152,0.0034943642456650385,0.0005769764065070575,0.001192892297619944,23,2026-08-17,1
2026-08-18 00:00:00-03:00,0.002502557221331436,0.0030664992650827672,0.0023014719480450945,0.0005639420437513311,0.00020108527328634163,0,2026-08-18,0
2026-08-18 01:00:00-03:00,0.0021169700679111543,0.0027002223745599004,0.002502557221331436,0.0005832523066487461,0.00038558715342028186,1,2026-08-18,0
2026-08-18 02:00:00-03:00,0.004291176206733944,0.0026170189513408525,0.0021169700679111543,0.0016741572553930916,0.0021742061388227898,2,2026-08-18,1
2026-08-18 03:00:00-03:00,0.0028972427439256424,0.0026866660323811202,0.004291176206733944,0.00021057671154452217,0.0013939334628083016,3,2026-08-18,1
2026-08-18 04:00:00-03:00,0.0038574704935079467,0.0031639960710361345,0.0028972427439256424,0.0006934744224718122,0.0009602277495823043,4,2026-08-18,1
2026-08-18 05:00:00-03:00,0.002431124502216343,0.0029173158439884848,0.0038574704935079467,0.0004861913417721418,0.0014263459912916038,5,2026-08-18,1
2026-08-18 06:00:00-03:00,0.001441993184097917,0.0032425834578003036,0.002431124502216343,0.0018005902737023866,0.000989131318118426,6,2026-08-18,0
2026-08-18 07:00:00-03:00,0.0032622551346758355,0.002541452543103631,0.001441993184097917,0.0007208025915722044,0.0018202619505779186,7,2026-08-18,1
2026-08-18 08:00:00-03:00,0.002135917130338778,0.0027264881911013,0.0032622551346758355,0.000590571060762522,0.0011263380043370574,8,2026-08-18,1
2026-08-18 09:00:00-03:00,0.003988633445754218,0.002911347751780409,0.002135917130338778,0.0010772856939738093,0.0018527163154154402,9,2026-08-18,1
2026-08-18 10:00:00-03:00,0.012961923634641935,0.0034304288940301985,0.003988633445754218,0.009531494740611737,0.008973290188887716,10,2026-08-18,0
2026-08-18 11:00:00-03:00,0.003638883380880382,0.008854326104964779,0.012961923634641935,0.005215442724084397,0.009323040253761553,11,2026-08-18,1
2026-08-18 12:00:00-03:00,0.0033360579888957074,0.004053114493981936,0.003638883380880382,0.0007170565050862287,0.0003028253919846744,12,2026-08-18,0
2026-08-18 13:00:00-03:00,0.0026285750336864787,0.004278928667805184,0.0033360579888957074,0.0016503536341187053,0.0007074829552092287,13,2026-08-18,0
2026-08-18 14:00:00-03:00,0.002562835793243994,0.0032319596605875035,0.0026285750336864787,0.0006691238673435093,6.573924044248449e-05,14,2026-08-18,0
2026-08-18 15:00:00-03:00,0.0023767365692881114,0.002038527726051672,0.002562835793243994,0.00033820884323643944,0.00018609922395588282,15,2026-08-18,0
2026-08-18 16:00:00-03:00,0.0013451035181572348,0.002951383228937774,0.0023767365692881114,0.001606279710780539,0.0010316330511308766,16,2026-08-18,0
2026-08-18 17:00:00-03:00,0.0012768444590151033,0.0026207760544511623,0.0013451035181572348,0.001343931595436059,6.82590591421315e-05,17,2026-08-18,0
2026-08-18 18:00:00-03:00,0.001326701117059133,0.002213072998535233,0.0012768444590151033,0.0008863718814761002,4.985665804402967e-05,18,2026-08-18,0
2026-08-18 19:00:00-03:00,0.0022997147025078948,0.0018602575401171872,0.001326701117059133,0.0004394571623907075,0.0009730135854487617,19,2026-08-18,1
2026-08-18 20:00:00-03:00,0.00384986354050361,0.0019022496992983186,0.0022997147025078948,0.0019476138412052914,0.0015501488379957152,20,2026-08-18,0
2026-08-18 21:00:00-03:00,0.0025186147680887525,0.0034538006684572283,0.00384986354050361,0.0009351859003684758,0.0013312487724148575,21,2026-08-18,1
2026-08-18 22:00:00-03:00,0.0010046323418578388,0.0033984272798430123,0.0025186147680887525,0.0023937949379851733,0.0015139824262309137,22,2026-08-18,0
2026-08-18 23:00:00-03:00,0.0021140758434035627,0.00233903786412961,0.0010046323418578388,0.00022496202072604717,0.001109443501545724,23,2026-08-18,1
2026-08-19 00:00:00-03:00,0.0015294742135032596,0.002100598084412562,0.0021140758434035627,0.0005711238709093023,0.0005846016299003031,0,2026-08-19,1
2026-08-19 01:00:00-03:00,0.002707671289048001,0.001476558075289639,0.0015294742135032596,0.0012311132137583617,0.0011781970755447412,1,2026-08-19,0
2026-08-19 02:00:00-03:00,0.0027665612886580314,0.0023290921904648796,0.002707671289048001,0.00043746909819315175,5.8889999610030504e-05,2,2026-08-19,0
2026-08-19 03:00:00-03:00,0.0019285803160383227,0.0023100818062057322,0.0027665612886580314,0.0003815014901674095,0.0008379809726197086,3,2026-08-19,1
2026-08-19 04:00:00-03:00,0.0039735181587217845,0.0026267119711086495,0.0019285803160383227,0.001346806187613135,0.0020449378426834618,4,2026-08-19,1
2026-08-19 05:00:00-03:00,0.001706736268890842,0.0026634781007784394,0.0039735181587217845,0.0009567418318875973,0.0022667818898309423,5,2026-08-19,1
2026-08-19 06:00:00-03:00,0.0012949776679573185,0.0025641810013246353,0.001706736268890842,0.0012692033333673168,0.00041175860093352356,6,2026-08-19,0
2026-08-19 07:00:00-03:00,0.0013029400782415819,0.002055845935826741,0.0012949776679573185,0.000752905857585159,7.962410284263408e-06,7,2026-08-19,0
2026-08-19 08:00:00-03:00,0.007908800802686092,0.001991818893558162,0.0013029400782415819,0.005916981909127929,0.0066058607244445094,8,2026-08-19,1
2026-08-19 09:00:00-03:00,0.006530628442819581,0.003771422140768417,0.007908800802686092,0.0027592063020511638,0.0013781723598665111,9,2026-08-19,0
2026-08-19 10:00:00-03:00,0.014530390737951008,0.0056851758296759996,0.006530628442819581,0.008845214908275008,0.007999762295131427,10,2026-08-19,0
2026-08-19 11:00:00-03:00,0.0526300434693818,0.008876790800221817,0.014530390737951008,0.043753252669159984,0.03809965273143079,11,2026-08-19,0
2026-08-19 12:00:00-03:00,0.008480796175929773,0.011353515844179648,0.0526300434693818,0.002872719668249875,0.04414924729345203,12,2026-08-19,1
2026-08-19 13:00:00-03:00,0.01057505364216089,0.007205209365354203,0.008480796175929773,0.0033698442768066864,0.0020942574662311166,13,2026-08-19,0
2026-08-19 14:00:00-03:00,0.006015411137407222,0.007050669437303218,0.01057505364216089,0.001035258299895996,0.004559642504753668,14,2026-08-19,1
2026-08-19 15:00:00-03:00,0.005550388838488195,0.004893739808126558,0.006015411137407222,0.0006566490303616373,0.0004650222989190265,15,2026-08-19,0
2026-08-19 16:00:00-03:00,0.017234227869689683,0.004885064376224504,0.005550388838488195,0.012349163493465178,0.011683839031201487,16,2026-08-19,0
2026-08-19 17:00:00-03:00,0.014563590078018121,0.0049957618969868845,0.017234227869689683,0.009567828181031236,0.0026706377916715617,17,2026-08-19,0
2026-08-19 18:00:00-03:00,0.012330400858229127,0.007614092058654902,0.014563590078018121,0.004716308799574224,0.0022331892197889943,18,2026-08-19,0
2026-08-19 19:00:00-03:00,0.0042385647955377765,0.007674284379130901,0.012330400858229127,0.0034357195835931246,0.00809183606269135,19,2026-08-19,1
2026-08-19 20:00:00-03:00,0.006902909824258306,0.0057034268750318405,0.0042385647955377765,0.0011994829492264656,0.0026643450287205297,20,2026-08-19,1
2026-08-19 21:00:00-03:00,0.008766970272763573,0.006029471869716042,0.006902909824258306,0.0027374984030475308,0.0018640604485052666,21,2026-08-19,0
2026-08-19 22:00:00-03:00,0.008022940993722048,0.004044590548479291,0.008766970272763573,0.003978350445242757,0.0007440292790415245,22,2026-08-19,0
2026-08-19 23:00:00-03:00,0.00632669919665457,0.005962512359184191,0.008022940993722048,0.00036418683747037935,0.0016962417970674782,23,2026-08-19,1
2026-08-20 00:00:00-03:00,0.006231076061837826,0.0058501250094228794,0.00632669919665457,0.00038095105241494655,9.562313481674412e-05,0,2026-08-20,0
2026-08-20 01:00:00-03:00,0.004593803408151401,0.006247112884530003,0.006231076061837826,0.0016533094763786019,0.0016372726536864248,1,2026-08-20,0
2026-08-20 02:00:00-03:00,0.008460746787600467,0.006018655053710417,0.004593803408151401,0.0024420917338900507,0.003866943379449066,2,2026-08-20,1
2026-08-20 03:00:00-03:00,0.0073777741492155,0.007021514051515426,0.008460746787600467,0.00035626009770007433,0.001082972638384967,3,2026-08-20,1
2026-08-20 04:00:00-03:00,0.028688919587496302,0.00778108558226341,0.0073777741492155,0.02090783400523289,0.0213111454382808,4,2026-08-20,1
2026-08-20 05:00:00-03:00,0.007904446818963797,0.011401251701923245,0.028688919587496302,0.003496804882959448,0.020784472768532507,5,2026-08-20,1
2026-08-20 06:00:00-03:00,0.011159232618372192,0.00925576989452363,0.007904446818963797,0.0019034627238485625,0.003254785799408395,6,2026-08-20,1
2026-08-20 07:00:00-03:00,0.0069792916630692725,0.00846787966426475,0.011159232618372192,0.0014885880011954776,0.004179940955302919,7,2026-08-20,1
2026-08-20 08:00:00-03:00,0.007149484573335215,0.008575880220358994,0.0069792916630692725,0.0014263956470237796,0.00017019291026594205,8,2026-08-20,0
2026-08-20 09:00:00-03:00,0.013624953080532467,0.011934244832636503,0.007149484573335215,0.0016907082478959633,0.006475468507197252,9,2026-08-20,1
2026-08-20 10:00:00-03:00,0.008716517569683228,0.013313877847007046,0.013624953080532467,0.004597360277323818,0.004908435510849239,10,2026-08-20,1
2026-08-20 11:00:00-03:00,0.014364262145196973,0.011071653619695957,0.008716517569683228,0.0032926085255010167,0.005647744575513746,11,2026-08-20,1
2026-08-20 12:00:00-03:00,0.009598398619385787,0.010292284012859492,0.014364262145196973,0.000693885393473705,0.004765863525811187,12,2026-08-20,1
2026-08-20 13:00:00-03:00,0.005929403677607748,0.010022789874434878,0.009598398619385787,0.004093386196827129,0.0036689949417780384,13,2026-08-20,0
2026-08-20 14:00:00-03:00,0.00574336861823387,0.00849939578494608,0.005929403677607748,0.0027560271667122103,0.0001860350593738784,14,2026-08-20,0
2026-08-20 15:00:00-03:00,0.006108066554813845,0.0075523286240226205,0.00574336861823387,0.0014442620692087758,0.0003646979365799748,15,2026-08-20,0
2026-08-20 16:00:00-03:00,0.0071100530811490995,0.007198626877206789,0.006108066554813845,8.857379605768916e-05,0.0010019865263352547,16,2026-08-20,1
2026-08-20 17:00:00-03:00,0.00400045035997867,0.006408381887893331,0.0071100530811490995,0.002407931527914661,0.0031096027211704293,17,2026-08-20,1
2026-08-20 18:00:00-03:00,0.005228670395901163,0.005782201013746391,0.00400045035997867,0.0005535306178452281,0.0012282200359224928,18,2026-08-20,1
2026-08-20 19:00:00-03:00,0.010071050863983194,0.00601037481999727,0.005228670395901163,0.0040606760439859235,0.004842380468082031,19,2026-08-20,1
2026-08-20 20:00:00-03:00,0.013064792677920203,0.007026070568757715,0.010071050863983194,0.006038722109162488,0.0029937418139370092,20,2026-08-20,0
2026-08-20 21:00:00-03:00,0.02818902842475568,0.008019721943437424,0.013064792677920203,0.020169306481318254,0.015124235746835477,21,2026-08-20,0
2026-08-20 22:00:00-03:00,0.010914197174788589,0.013782626207516193,0.02818902842475568,0.002868429032727604,0.017274831249967093,22,2026-08-20,1
2026-08-20 23:00:00-03:00,0.008519305329954298,0.012001614864363361,0.010914197174788589,0.0034823095344090633,0.0023948918448342908,23,2026-08-20,0
2026-08-21 00:00:00-03:00,0.007246687814890869,0.007776651596133007,0.008519305329954298,0.0005299637812421383,0.0012726175150634287,0,2026-08-21,1
2026-08-21 01:00:00-03:00,0.00770092720907282,0.008199648394727525,0.007246687814890869,0.0004987211856547057,0.0004542393941819505,1,2026-08-21,0
2026-08-21 02:00:00-03:00,0.008579411975828002,0.006527988937279364,0.00770092720907282,0.0020514230385486384,0.0008784847667551825,2,2026-08-21,0
2026-08-21 03:00:00-03:00,0.016996107256516752,0.00858227341035593,0.008579411975828002,0.008413833846160823,0.00841669528068875,3,2026-08-21,1
2026-08-21 04:00:00-03:00,0.041184975200620116,0.010352667457896874,0.016996107256516752,0.03083230774272324,0.024188867944103364,4,2026-08-21,0
2026-08-21 05:00:00-03:00,0.02711809454694988,0.015416386955381918,0.041184975200620116,0.011701707591567962,0.014066880653670236,5,2026-08-21,1
2026-08-21 06:00:00-03:00,0.008073510326819053,0.019430830791262232,0.02711809454694988,0.011357320464443179,0.019044584220130827,6,2026-08-21,1
2026-08-21 07:00:00-03:00,0.018826333718792575,0.012500375058374905,0.008073510326819053,0.00632595866041767,0.010752823391973521,7,2026-08-21,1
2026-08-21 08:00:00-03:00,0.012162593692140533,0.016385895643858336,0.018826333718792575,0.004223301951717802,0.006663740026652041,8,2026-08-21,1
2026-08-21 09:00:00-03:00,0.01885620577098576,0.01326661267611784,0.012162593692140533,0.005589593094867919,0.006693612078845225,9,2026-08-21,1
2026-08-21 10:00:00-03:00,0.011572316380968294,0.020718937750572777,0.01885620577098576,0.009146621369604483,0.0072838893900174645,10,2026-08-21,0
2026-08-21 11:00:00-03:00,0.009081999710445158,0.015111502059739745,0.011572316380968294,0.006029502349294587,0.0024903166705231364,11,2026-08-21,0
2026-08-21 12:00:00-03:00,0.010049814153548508,0.008988017647245982,0.009081999710445158,0.0010617965063025262,0.00096781444310335,12,2026-08-21,0
2026-08-21 13:00:00-03:00,0.006876231705634154,0.008873577347158584,0.010049814153548508,0.0019973456415244293,0.0031735824479143535,13,2026-08-21,1
2026-08-21 14:00:00-03:00,0.011747595468332756,0.0070257208173563086,0.006876231705634154,0.004721874650976447,0.004871363762698601,14,2026-08-21,1
2026-08-21 15:00:00-03:00,0.006540398972126617,0.006360834223049712,0.011747595468332756,0.00017956474907690565,0.0052071964962061386,15,2026-08-21,1
2026-08-21 16:00:00-03:00,0.008841954592732649,0.005684634587081119,0.006540398972126617,0.0031573200056515295,0.0023015556206060312,16,2026-08-21,0
2026-08-21 17:00:00-03:00,0.01639510274166734,0.007067375547510032,0.008841954592732649,0.00932772719415731,0.007553148148934692,17,2026-08-21,0
2026-08-21 18:00:00-03:00,0.008652546375777434,0.01195457794297062,0.01639510274166734,0.003302031567193185,0.007742556365889906,18,2026-08-21,1
2026-08-21 19:00:00-03:00,0.00791110013871941,0.010418580233166708,0.008652546375777434,0.0025074800944472984,0.000741446237058024,19,2026-08-21,0
2026-08-21 20:00:00-03:00,0.01047588748648235,0.00892061470625095,0.00791110013871941,0.0015552727802314002,0.0025647873477629406,20,2026-08-21,1
2026-08-21 21:00:00-03:00,0.005362198976975546,0.009512386530219406,0.01047588748648235,0.00415018755324386,0.005113688509506805,21,2026-08-21,1
2026-08-21 22:00:00-03:00,0.009846310691984191,0.006809859415644117,0.005362198976975546,0.003036451276340074,0.004484111715008645,22,2026-08-21,1
2026-08-21 23:00:00-03:00,0.005817425059602548,0.006868575998147094,0.009846310691984191,0.0010511509385445457,0.004028885632381643,23,2026-08-21,1
2026-08-22 00:00:00-03:00,0.00777864151905186,0.007465042540306952,0.005817425059602548,0.00031359897874490804,0.001961216459449312,0,2026-08-22,1
2026-08-22 01:00:00-03:00,0.026931762744610257,0.008768657821298377,0.00777864151905186,0.018163104923311878,0.019153121225558397,1,2026-08-22,1
2026-08-22 02:00:00-03:00,0.007575811348849892,0.01534519973918243,0.026931762744610257,0.0077693883903325375,0.019355951395760365,2,2026-08-22,1
2026-08-22 03:00:00-03:00,0.0058129740799423525,0.010548183206665873,0.007575811348849892,0.00473520912672352,0.0017628372689075392,3,2026-08-22,0
2026-08-22 04:00:00-03:00,0.00528658324542446,0.008144740590919713,0.0058129740799423525,0.002858157345495253,0.0005263908345178921,4,2026-08-22,0
2026-08-22 05:00:00-03:00,0.007056526829893616,0.006739050343692604,0.00528658324542446,0.0003174764862010123,0.0017699435844691557,5,2026-08-22,1
2026-08-22 06:00:00-03:00,0.008490828310122779,0.006840414561082232,0.007056526829893616,0.0016504137490405465,0.0014343014802291627,6,2026-08-22,0
2026-08-22 07:00:00-03:00,0.005609100062465822,0.007469179646659198,0.008490828310122779,0.0018600795841933757,0.0028817282476569566,7,2026-08-22,1
2026-08-22 08:00:00-03:00,0.004063763296040294,0.007290518703669775,0.005609100062465822,0.003226755407629482,0.0015453367664255285,8,2026-08-22,0
2026-08-22 09:00:00-03:00,0.0031832629434967123,0.008308898098856385,0.004063763296040294,0.005125635155359673,0.0008805003525435813,9,2026-08-22,0
2026-08-22 10:00:00-03:00,0.004871719017885126,0.007732303289057562,0.0031832629434967123,0.0028605842711724363,0.0016884560743884135,10,2026-08-22,0
2026-08-22 11:00:00-03:00,0.002867931352035411,0.007989513509691711,0.004871719017885126,0.0051215821576563,0.0020037876658497147,11,2026-08-22,0
2026-08-22 12:00:00-03:00,0.007654486122750551,0.006263550077605312,0.002867931352035411,0.0013909360451452397,0.00478655477071514,12,2026-08-22,1
2026-08-22 13:00:00-03:00,0.0039251787151351565,0.0063428564023713515,0.007654486122750551,0.002417677687236195,0.003729307407615395,13,2026-08-22,1
2026-08-22 14:00:00-03:00,0.002885402210208751,0.0059311989964250696,0.0039251787151351565,0.0030457967862163185,0.0010397765049264054,14,2026-08-22,0
2026-08-22 15:00:00-03:00,0.003398552666845357,0.004979324115324936,0.002885402210208751,0.0015807714484795785,0.0005131504566366061,15,2026-08-22,0
2026-08-22 16:00:00-03:00,0.0027101981602005963,0.0035000464303710957,0.003398552666845357,0.0007898482701704994,0.0006883545066447608,16,2026-08-22,0
2026-08-22 17:00:00-03:00,0.006283308227944744,0.003997912756032326,0.0027101981602005963,0.002285395471912418,0.003573110067744148,17,2026-08-22,1
2026-08-22 18:00:00-03:00,0.004980144876941958,0.006327674931185696,0.006283308227944744,0.0013475300542437384,0.0013031633510027863,18,2026-08-22,0
2026-08-22 19:00:00-03:00,0.002939087975817803,0.0052837982497582195,0.004980144876941958,0.0023447102739404166,0.002041056901124155,19,2026-08-22,0
2026-08-22 20:00:00-03:00,0.004095849236733739,0.0033829471011964465,0.002939087975817803,0.0007129021355372924,0.001156761260915936,20,2026-08-22,1
2026-08-22 21:00:00-03:00,0.00313510935118912,0.005789055179873476,0.004095849236733739,0.002653945828684356,0.0009607398855446189,21,2026-08-22,0
2026-08-22 22:00:00-03:00,0.002940731551570266,0.004287164696440971,0.00313510935118912,0.0013464331448707055,0.00019437779961885412,22,2026-08-22,0
2026-08-22 23:00:00-03:00,0.0038968971843364292,0.003667121364355361,0.002940731551570266,0.00022977581998106806,0.0009561656327661634,23,2026-08-22,1
2026-08-23 00:00:00-03:00,0.007304509020652309,0.003474954818038428,0.0038968971843364292,0.0038295542026138807,0.0034076118363158795,0,2026-08-23,0
2026-08-23 01:00:00-03:00,0.015585371167641974,0.0046447148047756934,0.007304509020652309,0.01094065636286628,0.008280862146989665,1,2026-08-23,0
2026-08-23 02:00:00-03:00,0.006368454977499037,0.006001461784371076,0.015585371167641974,0.000366993193127961,0.009216916190142936,2,2026-08-23,1
2026-08-23 03:00:00-03:00,0.005755907373426555,0.005283378275625406,0.006368454977499037,0.00047252909780114843,0.0006125476040724828,3,2026-08-23,1
2026-08-23 04:00:00-03:00,0.009187112652182134,0.004813044007246081,0.005755907373426555,0.0043740686449360525,0.003431205278755579,4,2026-08-23,0
2026-08-23 05:00:00-03:00,0.002262704706128028,0.005067019557593898,0.009187112652182134,0.00280431485146587,0.006924407946054105,5,2026-08-23,1
2026-08-23 06:00:00-03:00,0.004978359911108538,0.0042507893275972744,0.002262704706128028,0.0007275705835112639,0.0027156552049805104,6,2026-08-23,1
2026-08-23 07:00:00-03:00,0.008473048214859894,0.004684666153456798,0.004978359911108538,0.003788382061403096,0.003494688303751356,7,2026-08-23,0
2026-08-23 08:00:00-03:00,0.004356656218428627,0.005211398877443449,0.008473048214859894,0.0008547426590148222,0.004116391996431267,8,2026-08-23,1
2026-08-23 09:00:00-03:00,0.007402343755041083,0.0065809023712786515,0.004356656218428627,0.0008214413837624316,0.003045687536612456,9,2026-08-23,1
2026-08-23 10:00:00-03:00,0.010864405462130461,0.006874793251374766,0.007402343755041083,0.003989612210755695,0.003462061707089378,10,2026-08-23,0
2026-08-23 11:00:00-03:00,0.005488092780184643,0.008347692255831641,0.010864405462130461,0.0028595994756469975,0.005376312681945818,11,2026-08-23,1
2026-08-23 12:00:00-03:00,0.004118177633750632,0.005376121209286227,0.005488092780184643,0.001257943575535595,0.0013699151464340118,12,2026-08-23,1
2026-08-23 13:00:00-03:00,0.0038321295328455933,0.00450909513925168,0.004118177633750632,0.0006769656064060867,0.00028604810090503835,13,2026-08-23,0
2026-08-23 14:00:00-03:00,0.003870213821782191,0.004420365617423068,0.0038321295328455933,0.0005501517956408774,3.80842889365976e-05,14,2026-08-23,0
2026-08-23 15:00:00-03:00,0.0029872258439703403,0.004251328629548685,0.003870213821782191,0.001264102785578345,0.0008829879778118506,15,2026-08-23,0
2026-08-23 16:00:00-03:00,0.0033587160988920273,0.002957435927385748,0.0029872258439703403,0.0004012801715062792,0.000371490254921687,16,2026-08-23,0
2026-08-23 17:00:00-03:00,0.008367377275747252,0.003149666749784418,0.0033587160988920273,0.0052177105259628345,0.005008661176855224,17,2026-08-23,0
2026-08-23 18:00:00-03:00,0.005399304732233196,0.006469451706437171,0.008367377275747252,0.0010701469742039754,0.0029680725435140562,18,2026-08-23,1
2026-08-23 19:00:00-03:00,0.006940077700877298,0.006422203499152483,0.005399304732233196,0.0005178742017248154,0.0015407729686441026,19,2026-08-23,1
2026-08-23 20:00:00-03:00,0.007713103199685814,0.005587527753822124,0.006940077700877298,0.00212557544586369,0.0007730254988085154,20,2026-08-23,0
2026-08-23 21:00:00-03:00,0.010390771962803911,0.006062081674916436,0.007713103199685814,0.004328690287887476,0.0026776687631180976,21,2026-08-23,0
2026-08-23 22:00:00-03:00,0.008537444295973527,0.007108074528417784,0.010390771962803911,0.0014293697675557427,0.0018533276668303844,22,2026-08-23,1
2026-08-23 23:00:00-03:00,0.007790802960809225,0.004901580362763621,0.008537444295973527,0.002889222598045604,0.0007466413351643018,23,2026-08-23,0
2026-08-24 00:00:00-03:00,0.007504931243484836,0.004359892049143743,0.007790802960809225,0.003145039194341093,0.00028587171732438917,0,2026-08-24,0
2026-08-24 01:00:00-03:00,0.004980077615639161,0.005812465648824276,0.007504931243484836,0.0008323880331851151,0.0025248536278456753,1,2026-08-24,1
2026-08-24 02:00:00-03:00,0.00586192380415601,0.005855721647834496,0.004980077615639161,6.202156321514184e-06,0.0008818461885168492,2,2026-08-24,1
2026-08-24 03:00:00-03:00,0.006577787436220445,0.005834439097016608,0.00586192380415601,0.0007433483392038373,0.0007158636320644353,3,2026-08-24,0
2026-08-24 04:00:00-03:00,0.0074879152747215835,0.0062630674070946885,0.006577787436220445,0.001224847867626895,0.0009101278385011385,4,2026-08-24,0
2026-08-24 05:00:00-03:00,0.007411602329626022,0.005640896667498304,0.0074879152747215835,0.0017707056621277181,7.63129450955611e-05,5,2026-08-24,0
2026-08-24 06:00:00-03:00,0.006221686373204341,0.003965245496960329,0.007411602329626022,0.0022564408762440124,0.0011899159564216812,6,2026-08-24,0
2026-08-24 07:00:00-03:00,0.014660205128139755,0.005199217797676754,0.006221686373204341,0.009460987330463001,0.008438518754935414,7,2026-08-24,0
2026-08-24 08:00:00-03:00,0.01698433766856206,0.0071442723007824425,0.014660205128139755,0.009840065367779616,0.0023241325404223037,8,2026-08-24,0
2026-08-24 09:00:00-03:00,0.020332581024018626,0.010003522526751426,0.01698433766856206,0.0103290584972672,0.0033482433554565677,9,2026-08-24,0
2026-08-24 10:00:00-03:00,0.015634707786049893,0.011675460838186482,0.020332581024018626,0.003959246947863411,0.004697873237968733,10,2026-08-24,1
2026-08-24 11:00:00-03:00,0.014857393823338344,0.012452053159438148,0.015634707786049893,0.002405340663900196,0.0007773139627115493,11,2026-08-24,0
2026-08-24 12:00:00-03:00,0.012356731893188274,0.010431068073905604,0.014857393823338344,0.0019256638192826706,0.0025006619301500693,12,2026-08-24,1
2026-08-24 13:00:00-03:00,0.009260785204480274,0.009130070859099301,0.012356731893188274,0.0001307143453809726,0.003095946688708001,13,2026-08-24,1
2026-08-24 14:00:00-03:00,0.0046397777224534194,0.009324191660289912,0.009260785204480274,0.004684413937836493,0.004621007482026854,14,2026-08-24,0
2026-08-24 15:00:00-03:00,0.006582442418547935,0.0057447809282531815,0.0046397777224534194,0.0008376614902947535,0.0019426646960945156,15,2026-08-24,1
2026-08-24 16:00:00-03:00,0.00552371886146019,0.005878988989568598,0.006582442418547935,0.000355270128108408,0.001058723557087745,16,2026-08-24,1
2026-08-24 17:00:00-03:00,0.002481128194830806,0.00618439776241039,0.00552371886146019,0.0037032695675795844,0.003042590666629384,17,2026-08-24,0
2026-08-24 18:00:00-03:00,0.0037592075184150367,0.0048382922478438836,0.002481128194830806,0.0010790847294288469,0.0012780793235842307,18,2026-08-24,1
2026-08-24 19:00:00-03:00,0.005008434318339216,0.004829274093021707,0.0037592075184150367,0.00017916022531750883,0.0012492267999241794,19,2026-08-24,1
2026-08-24 20:00:00-03:00,0.014702409669226134,0.005271027924615695,0.005008434318339216,0.009431381744610438,0.009693975350886917,20,2026-08-24,1
2026-08-24 21:00:00-03:00,0.00635629102570531,0.007937845926126183,0.014702409669226134,0.001581554900420873,0.008346118643520823,21,2026-08-24,1
2026-08-24 22:00:00-03:00,0.018978636355802193,0.007454060020972227,0.00635629102570531,0.011524576334829967,0.012622345330096884,22,2026-08-24,1
2026-08-24 23:00:00-03:00,0.007972491803437586,0.009931429750869178,0.018978636355802193,0.0019589379474315924,0.011006144552364608,23,2026-08-24,1
2026-08-25 00:00:00-03:00,0.005699088382283899,0.00900539242868052,0.007972491803437586,0.003306304046396622,0.002273403421153687,0,2026-08-25,0
2026-08-25 01:00:00-03:00,0.006187516954264657,0.007213651873612573,0.005699088382283899,0.0010261349193479152,0.0004884285719807587,1,2026-08-25,0
2026-08-25 02:00:00-03:00,0.006251265139947623,0.006569166481201802,0.006187516954264657,0.0003179013412541792,6.374818568296529e-05,2,2026-08-25,0
2026-08-25 03:00:00-03:00,0.018198176067259358,0.006942320379525652,0.006251265139947623,0.011255855687733705,0.011946910927311736,3,2026-08-25,1
2026-08-25 04:00:00-03:00,0.007844288250945162,0.010486415992833807,0.018198176067259358,0.0026421277418886453,0.010353887816314196,4,2026-08-25,1
2026-08-25 05:00:00-03:00,0.013512284813707266,0.008406903695393398,0.007844288250945162,0.005105381118313868,0.005667996562762104,5,2026-08-25,1
2026-08-25 06:00:00-03:00,0.006203660261685683,0.009967014540235951,0.013512284813707266,0.003763354278550268,0.007308624552021583,6,2026-08-25,1
2026-08-25 07:00:00-03:00,0.005301069958931003,0.007773743145646068,0.006203660261685683,0.002472673186715065,0.0009025903027546807,7,2026-08-25,0
2026-08-25 08:00:00-03:00,0.0067343631299063645,0.007244520707872461,0.005301069958931003,0.0005101575779660967,0.0014332931709753619,8,2026-08-25,1
2026-08-25 09:00:00-03:00,0.014002392178108999,0.010139689660695589,0.0067343631299063645,0.00386270251741341,0.007268029048202634,9,2026-08-25,1
2026-08-25 10:00:00-03:00,0.010795473117708246,0.011117997487598463,0.014002392178108999,0.0003225243698902168,0.003206919060400753,10,2026-08-25,1
2026-08-25 11:00:00-03:00,0.006377826170684275,0.010904515984596371,0.010795473117708246,0.004526689813912096,0.00441764694702397,11,2026-08-25,0
2026-08-25 12:00:00-03:00,0.006265979517413902,0.007978865782959681,0.006377826170684275,0.0017128862655457792,0.00011184665327037321,12,2026-08-25,0
2026-08-25 13:00:00-03:00,0.0063606756233373024,0.006702321176014748,0.006265979517413902,0.00034164555267744527,9.469610592340028e-05,13,2026-08-25,0
2026-08-25 14:00:00-03:00,0.004190172884440371,0.006072092302536084,0.0063606756233373024,0.0018819194180957136,0.002170502738896932,14,2026-08-25,1
2026-08-25 15:00:00-03:00,0.006401189976173885,0.005742862270398567,0.004190172884440371,0.0006583277057753177,0.002211017091733514,15,2026-08-25,1
2026-08-25 16:00:00-03:00,0.010366578681236315,0.00600209488494231,0.006401189976173885,0.004364483796294005,0.0039653887050624306,16,2026-08-25,0
2026-08-25 17:00:00-03:00,0.010347460862924781,0.00800299229960975,0.010366578681236315,0.0023444685633150306,1.9117818311533905e-05,17,2026-08-25,0
2026-08-25 18:00:00-03:00,0.005450788070555829,0.0076772281259452554,0.010347460862924781,0.0022264400553894262,0.004896672792368952,18,2026-08-25,1
2026-08-25 19:00:00-03:00,0.007392619781678289,0.005871160943363936,0.005450788070555829,0.0015214588383143535,0.0019418317111224602,19,2026-08-25,1
2026-08-25 20:00:00-03:00,0.005207562997103283,0.006442578867308573,0.007392619781678289,0.0012350158702052897,0.002185056784575006,20,2026-08-25,1
2026-08-25 21:00:00-03:00,0.004475155975762602,0.006024139411050444,0.005207562997103283,0.0015489834352878417,0.000732407021340681,21,2026-08-25,0
2026-08-25 22:00:00-03:00,0.006358901754563485,0.005599965404865861,0.004475155975762602,0.0007589363496976241,0.0018837457788008823,22,2026-08-25,1
2026-08-25 23:00:00-03:00,0.003590908527674399,0.005573409368099764,0.006358901754563485,0.001982500840425365,0.002767993226889086,23,2026-08-25,1
2026-08-26 00:00:00-03:00,0.005192702915281848,0.0048602989366370065,0.003590908527674399,0.0003324039786448416,0.0016017943876074493,0,2026-08-26,1
2026-08-26 01:00:00-03:00,0.006393294993625866,0.004866086859340494,0.005192702915281848,0.0015272081342853723,0.0012005920783440182,1,2026-08-26,0
2026-08-26 02:00:00-03:00,0.0049399654861078035,0.004630854237768204,0.006393294993625866,0.0003091112483395997,0.001453329507518063,2,2026-08-26,1
2026-08-26 03:00:00-03:00,0.0029014681682334596,0.005649528808551807,0.0049399654861078035,0.0027480606403183475,0.002038497317874344,3,2026-08-26,0
2026-08-26 04:00:00-03:00,0.006598728280207733,0.004507374745074228,0.0029014681682334596,0.002091353535133505,0.003697260111974273,4,2026-08-26,1
2026-08-26 05:00:00-03:00,0.00805907463991419,0.004892628441220106,0.006598728280207733,0.0031664461986940845,0.0014603463597064577,5,2026-08-26,0
2026-08-26 06:00:00-03:00,0.007477188706099379,0.005562609538261473,0.00805907463991419,0.0019145791678379055,0.0005818859338148118,6,2026-08-26,0
2026-08-26 07:00:00-03:00,0.005924528388428899,0.005474156036777074,0.007477188706099379,0.00045037235165182495,0.0015526603176704793,7,2026-08-26,1
2026-08-26 08:00:00-03:00,0.010157611907825279,0.006515142633627645,0.005924528388428899,0.003642469274197634,0.0042330835193963795,8,2026-08-26,1
2026-08-26 09:00:00-03:00,0.008168527034113747,0.008483899956145324,0.010157611907825279,0.00031537292203157735,0.0019890848737115323,9,2026-08-26,1
2026-08-26 10:00:00-03:00,0.010662101583638558,0.010811743020263382,0.008168527034113747,0.0001496414366248238,0.002493574549524811,10,2026-08-26,1
2026-08-26 11:00:00-03:00,0.0068538481111474125,0.008773892659509782,0.010662101583638558,0.0019200445483623695,0.0038082534724911453,11,2026-08-26,1
2026-08-26 12:00:00-03:00,0.0038944087353332477,0.006347454481618334,0.0068538481111474125,0.0024530457462850867,0.002959439375814165,12,2026-08-26,1
2026-08-26 13:00:00-03:00,0.007798163324806186,0.005242782882721181,0.0038944087353332477,0.0025553804420850043,0.003903754589472938,13,2026-08-26,1
2026-08-26 14:00:00-03:00,0.0047182187981737785,0.005976697449592783,0.007798163324806186,0.0012584786514190042,0.003079944526632407,14,2026-08-26,1
2026-08-26 15:00:00-03:00,0.003567993012850254,0.005014303302019278,0.0047182187981737785,0.001446310289169024,0.0011502257853235245,15,2026-08-26,0
2026-08-26 16:00:00-03:00,0.004100594452355823,0.004433670668647476,0.003567993012850254,0.00033307621629165285,0.0005326014395055688,16,2026-08-26,1
2026-08-26 17:00:00-03:00,0.005752628708827146,0.004204976244059702,0.004100594452355823,0.0015476524647674442,0.0016520342564713235,17,2026-08-26,1
2026-08-26 18:00:00-03:00,0.005360228716645563,0.005251402270185441,0.005752628708827146,0.00010882644646012171,0.0003923999921815833,18,2026-08-26,1
2026-08-26 19:00:00-03:00,0.006581818757019192,0.005431258608258874,0.005360228716645563,0.0011505601487603176,0.0012215900403736287,19,2026-08-26,1
2026-08-26 20:00:00-03:00,0.004301435468111015,0.0059618075015942336,0.006581818757019192,0.0016603720334832182,0.0022803832889081764,20,2026-08-26,1
2026-08-26 21:00:00-03:00,0.005980582435673511,0.006542911227102119,0.004301435468111015,0.0005623287914286075,0.0016791469675624957,21,2026-08-26,1
2026-08-26 22:00:00-03:00,0.0034729138634026764,0.005192253673816737,0.005980582435673511,0.0017193398104140604,0.0025076685722708347,22,2026-08-26,1
2026-08-26 23:00:00-03:00,0.0043989218410903485,0.004367189464924395,0.0034729138634026764,3.173237616595388e-05,0.0009260079776876721,23,2026-08-26,1
2026-08-27 00:00:00-03:00,0.0027393890560760757,0.00398140811444151,0.0043989218410903485,0.001242019058365434,0.0016595327850142728,0,2026-08-27,1
2026-08-27 01:00:00-03:00,0.0041564998216380026,0.003906185301082698,0.0027393890560760757,0.00025031452055530477,0.0014171107655619269,1,2026-08-27,1
2026-08-27 02:00:00-03:00,0.003904843962932644,0.003284732545253998,0.0041564998216380026,0.000620111417678646,0.0002516558587053585,2,2026-08-27,0
2026-08-27 03:00:00-03:00,0.004324489325470017,0.004412037996586372,0.003904843962932644,8.754867111635499e-05,0.0004196453625373731,3,2026-08-27,1
2026-08-27 04:00:00-03:00,0.012212248885632288,0.004033188856923481,0.004324489325470017,0.008179060028708808,0.007887759560162272,4,2026-08-27,0
2026-08-27 05:00:00-03:00,0.010463206061060729,0.00713318036779818,0.012212248885632288,0.0033300256932625484,0.0017490428245715596,5,2026-08-27,0
2026-08-27 06:00:00-03:00,0.010249792781252282,0.006076085513662479,0.010463206061060729,0.004173707267589803,0.00021341327980844635,6,2026-08-27,0
2026-08-27 07:00:00-03:00,0.007469393604518209,0.005661476394439003,0.010249792781252282,0.0018079172100792067,0.002780399176734073,7,2026-08-27,1
2026-08-27 08:00:00-03:00,0.004162340880330051,0.006363015580914478,0.007469393604518209,0.002200674700584427,0.0033070527241881587,8,2026-08-27,1
2026-08-27 09:00:00-03:00,0.008147546023261999,0.007202712248990004,0.004162340880330051,0.0009448337742719946,0.003985205142931948,9,2026-08-27,1
2026-08-27 10:00:00-03:00,0.01288625699076292,0.007929679730956894,0.008147546023261999,0.004956577259806026,0.0047387109675009215,10,2026-08-27,0
2026-08-27 11:00:00-03:00,0.008790655114323016,0.008863205292154026,0.01288625699076292,7.255017783100969e-05,0.004095601876439904,11,2026-08-27,1
2026-08-27 12:00:00-03:00,0.0054073456590439765,0.005564501077189956,0.008790655114323016,0.00015715541814597962,0.0033833094552790394,12,2026-08-27,1
2026-08-27 13:00:00-03:00,0.007691709080005823,0.005903121936481691,0.0054073456590439765,0.0017885871435241322,0.0022843634209618463,13,2026-08-27,1
2026-08-27 14:00:00-03:00,0.008643344180817459,0.005842489584868111,0.007691709080005823,0.0028008545959493482,0.0009516351008116361,14,2026-08-27,0
2026-08-27 15:00:00-03:00,0.005107108367531107,0.006242851947332926,0.008643344180817459,0.0011357435798018192,0.003536235813286352,15,2026-08-27,1
2026-08-27 16:00:00-03:00,0.002960697163403908,0.004469739460673759,0.005107108367531107,0.001509042297269851,0.002146411204127199,16,2026-08-27,1
2026-08-27 17:00:00-03:00,0.0025972762645913743,0.004437632190143508,0.002960697163403908,0.0018403559255521337,0.00036342089881253366,17,2026-08-27,0
2026-08-27 18:00:00-03:00,0.0035161732638085146,0.003182524602045165,0.0025972762645913743,0.0003336486617633496,0.0009188969992171402,18,2026-08-27,1
2026-08-27 19:00:00-03:00,0.003234907896091242,0.0036668652342698688,0.0035161732638085146,0.00043195733817862677,0.0002812653677172726,19,2026-08-27,0
2026-08-27 20:00:00-03:00,0.006842980540111077,0.004114892930722079,0.003234907896091242,0.002728087609388998,0.003608072644019835,20,2026-08-27,1
2026-08-27 21:00:00-03:00,0.012977826936966025,0.005151818809724122,0.006842980540111077,0.007826008127241903,0.006134846396854948,21,2026-08-27,0
2026-08-27 22:00:00-03:00,0.009725983161197268,0.0077871839819570274,0.012977826936966025,0.0019387991792402404,0.0032518437757687573,22,2026-08-27,1
2026-08-27 23:00:00-03:00,0.0035634413471210885,0.0061214725682069305,0.009725983161197268,0.002558031221085842,0.006162541814076179,23,2026-08-27,1
2026-08-28 00:00:00-03:00,0.004604124287876262,0.0050566313248587924,0.0035634413471210885,0.0004525070369825303,0.0010406829407551737,0,2026-08-28,1
2026-08-28 01:00:00-03:00,0.00394661546570295,0.004615461154481757,0.004604124287876262,0.0006688456887788069,0.0006575088221733123,1,2026-08-28,0
2026-08-28 02:00:00-03:00,0.003917315495641528,0.004523398054259993,0.00394661546570295,0.0006060825586184648,2.9299970061421807e-05,2,2026-08-28,0
2026-08-28 03:00:00-03:00,0.004153276424805496,0.0049412180674778,0.003917315495641528,0.0007879416426723037,0.00023596092916396832,3,2026-08-28,0
2026-08-28 04:00:00-03:00,0.004527346303509775,0.004877514016771457,0.004153276424805496,0.0003501677132616817,0.0003740698787042789,4,2026-08-28,1
2026-08-28 05:00:00-03:00,0.003245877319585232,0.005067169317800394,0.004527346303509775,0.0018212919982151625,0.0012814689839245434,5,2026-08-28,0
2026-08-28 06:00:00-03:00,0.007176190701819718,0.004491843135112554,0.003245877319585232,0.002684347566707164,0.003930313382234486,6,2026-08-28,1
2026-08-28 07:00:00-03:00,0.0027017442436716842,0.004054290976350065,0.007176190701819718,0.0013525467326783811,0.004474446458148033,7,2026-08-28,1
2026-08-28 08:00:00-03:00,0.005304009453413169,0.0043794661643693925,0.0027017442436716842,0.0009245432890437767,0.002602265209741485,8,2026-08-28,1
2026-08-28 09:00:00-03:00,0.00756894394670411,0.0064652280856218255,0.005304009453413169,0.0011037158610822844,0.0022649344932909408,9,2026-08-28,1
2026-08-28 10:00:00-03:00,0.016137422990795864,0.007874217997060144,0.00756894394670411,0.00826320499373572,0.008568479044091755,10,2026-08-28,1
2026-08-28 11:00:00-03:00,0.0194825479984777,0.010985735762857694,0.016137422990795864,0.008496812235620006,0.003345125007681835,11,2026-08-28,0
2026-08-28 12:00:00-03:00,0.01948875193055628,0.008318862175086223,0.0194825479984777,0.011169889755470057,6.203932078580748e-06,12,2026-08-28,0
2026-08-28 13:00:00-03:00,0.006277983158759521,0.009901740068110244,0.01948875193055628,0.003623756909350723,0.01321076877179676,13,2026-08-28,1
2026-08-28 14:00:00-03:00,0.008581117672847307,0.006912786699361889,0.006277983158759521,0.0016683309734854173,0.0023031345140877854,14,2026-08-28,1
2026-08-28 15:00:00-03:00,0.005431165726540784,0.00674424905964343,0.008581117672847307,0.0013130833331026458,0.0031499519463065225,15,2026-08-28,1
2026-08-28 16:00:00-03:00,0.0038703048057199293,0.004056419047109366,0.005431165726540784,0.0001861142413894369,0.0015608609208208547,16,2026-08-28,1
2026-08-28 17:00:00-03:00,0.0036404529238405385,0.004746077576074411,0.0038703048057199293,0.0011056246522338723,0.0002298518818793908,17,2026-08-28,0
2026-08-28 18:00:00-03:00,0.005545360910786911,0.004996548623707218,0.0036404529238405385,0.0005488122870796934,0.0019049079869463727,18,2026-08-28,1
2026-08-28 19:00:00-03:00,0.0026459977902488076,0.004979911442492851,0.005545360910786911,0.002333913652244043,0.0028993631205381037,19,2026-08-28,1
2026-08-28 20:00:00-03:00,0.0031121665101706717,0.0031279131020028757,0.0026459977902488076,1.574659183220398e-05,0.0004661687199218642,20,2026-08-28,1
2026-08-28 21:00:00-03:00,0.002802397250897205,0.004498195847073158,0.0031121665101706717,0.0016957985961759533,0.00030976925927346695,21,2026-08-28,0
2026-08-28 22:00:00-03:00,0.003156769344820078,0.0030485268727249502,0.002802397250897205,0.0001082424720951279,0.0003543720939228733,22,2026-08-28,1
2026-08-28 23:00:00-03:00,0.002893538752608172,0.003576186985675285,0.003156769344820078,0.000682648233067113,0.00026323059221190596,23,2026-08-28,0
2026-08-29 00:00:00-03:00,0.002208659464762609,0.004095491625186351,0.002893538752608172,0.0018868321604237422,0.0006848792878455631,0,2026-08-29,0
2026-08-29 01:00:00-03:00,0.0014434670620678944,0.0026146481451452754,0.002208659464762609,0.001171181083077381,0.0007651924026947146,1,2026-08-29,0
2026-08-29 02:00:00-03:00,0.0032292535049199575,0.002375152532413987,0.0014434670620678944,0.0008541009725059703,0.001785786442852063,2,2026-08-29,1
2026-08-29 03:00:00-03:00,0.003014324708947494,0.0029545523896383295,0.0032292535049199575,5.977231930916465e-05,0.00021492879597246337,3,2026-08-29,1
2026-08-29 04:00:00-03:00,0.001884097416608422,0.002841677348507195,0.003014324708947494,0.0009575799318987728,0.0011302272923390721,4,2026-08-29,1
2026-08-29 05:00:00-03:00,0.002423952701628076,0.002500144228852356,0.001884097416608422,7.619152722428005e-05,0.000539855285019654,5,2026-08-29,1
2026-08-29 06:00:00-03:00,0.0026534365803539814,0.0024780084258699945,0.002423952701628076,0.00017542815448398684,0.00022948387872590535,6,2026-08-29,1
2026-08-29 07:00:00-03:00,0.001954896502105355,0.001980096513708621,0.0026534365803539814,2.5200011603266053e-05,0.0006985400782486264,7,2026-08-29,1
2026-08-29 08:00:00-03:00,0.0019509242529426986,0.0022667063034091926,0.001954896502105355,0.00031578205046649396,3.972249162656309e-06,8,2026-08-29,0
2026-08-29 09:00:00-03:00,0.0020919042853731027,0.002591360657444841,0.0019509242529426986,0.0004994563720717386,0.00014098003243040403,9,2026-08-29,0
2026-08-29 10:00:00-03:00,0.00623180062852521,0.0027887518016464097,0.0020919042853731027,0.0034430488268788004,0.004139896343152108,10,2026-08-29,1
2026-08-29 11:00:00-03:00,0.0026644710818777588,0.00386657891708916,0.00623180062852521,0.0012021078352114013,0.0035673295466474514,11,2026-08-29,1
2026-08-29 12:00:00-03:00,0.0034877594560971444,0.003456554310055971,0.0026644710818777588,3.120514604117337e-05,0.0008232883742193857,12,2026-08-29,1
2026-08-29 13:00:00-03:00,0.002612035851472471,0.0030944888636685146,0.0034877594560971444,0.00048245301219604353,0.0008757236046246734,13,2026-08-29,1
2026-08-29 14:00:00-03:00,0.002968089898911141,0.0027139503689531112,0.002612035851472471,0.00025413952995802973,0.0003560540474386699,14,2026-08-29,1
2026-08-29 15:00:00-03:00,0.0024446803612085217,0.002885403825126357,0.002968089898911141,0.0004407234639178352,0.0005234095377026193,15,2026-08-29,1
2026-08-29 16:00:00-03:00,0.00230449487213097,0.0029877551908694634,0.0024446803612085217,0.0006832603187384933,0.0001401854890775516,16,2026-08-29,0
2026-08-29 17:00:00-03:00,0.0017399841840555269,0.0028787887956153013,0.00230449487213097,0.0011388046115597744,0.0005645106880754432,17,2026-08-29,0
2026-08-29 18:00:00-03:00,0.001960926180972192,0.002726462940513882,0.0017399841840555269,0.0007655367595416898,0.0002209419969166652,18,2026-08-29,0
2026-08-29 19:00:00-03:00,0.0011977502236993108,0.002198318512301254,0.001960926180972192,0.001000568288601943,0.0007631759572728812,19,2026-08-29,0
2026-08-29 20:00:00-03:00,0.002338581829130952,0.0015475534368811891,0.0011977502236993108,0.0007910283922497629,0.0011408316054316412,20,2026-08-29,1
2026-08-29 21:00:00-03:00,0.0025099415354468847,0.002338183311327083,0.002338581829130952,0.00017175822411980186,0.00017135970631593266,21,2026-08-29,0
2026-08-29 22:00:00-03:00,0.0020904921401054648,0.0023285497328105844,0.0025099415354468847,0.00023805759270511965,0.0004194493953414199,22,2026-08-29,1
2026-08-29 23:00:00-03:00,0.0021461473768910676,0.0021138399702550032,0.0020904921401054648,3.230740663606431e-05,5.5655236785602785e-05,23,2026-08-29,1
2026-08-30 00:00:00-03:00,0.0029445747809972505,0.0025252279992471894,0.0021461473768910676,0.0004193467817500611,0.000798427404106183,0,2026-08-30,1
2026-08-30 01:00:00-03:00,0.0013344817094983938,0.0018341781276042845,0.0029445747809972505,0.0004996964181058906,0.0016100930714988567,1,2026-08-30,1
2026-08-30 02:00:00-03:00,0.00261419406200841,0.0019058339168470302,0.0013344817094983938,0.0007083601451613798,0.001279712352510016,2,2026-08-30,1
2026-08-30 03:00:00-03:00,0.0022180547377045503,0.0021800330954524698,0.00261419406200841,3.802164225208057e-05,0.0003961393243038596,3,2026-08-30,1
2026-08-30 04:00:00-03:00,0.002218664059909324,0.002001169521383554,0.0022180547377045503,0.00021749453852576992,6.093222047736518e-07,4,2026-08-30,0
2026-08-30 05:00:00-03:00,0.001703461320069002,0.0020707548591965943,0.002218664059909324,0.00036729353912759227,0.000515202739840322,5,2026-08-30,1
2026-08-30 06:00:00-03:00,0.002339232473255757,0.0024198493212357315,0.001703461320069002,8.061684797997437e-05,0.0006357711531867552,6,2026-08-30,1
2026-08-30 07:00:00-03:00,0.0015977534989637364,0.001924854158207535,0.002339232473255757,0.00032710065924379853,0.0007414789742920208,7,2026-08-30,1
2026-08-30 08:00:00-03:00,0.00869225713606098,0.0020793217120848107,0.0015977534989637364,0.00661293542397617,0.007094503637097244,8,2026-08-30,1
2026-08-30 09:00:00-03:00,0.004775805224448331,0.005040288862146133,0.00869225713606098,0.00026448363769780193,0.0039164519116126496,9,2026-08-30,1
2026-08-30 10:00:00-03:00,0.002842465783853062,0.003735973398870171,0.004775805224448331,0.0008935076150171088,0.0019333394405952687,10,2026-08-30,1
2026-08-30 11:00:00-03:00,0.003640278936658998,0.0030731964701527985,0.002842465783853062,0.0005670824665061996,0.000797813152805936,11,2026-08-30,1
2026-08-30 12:00:00-03:00,0.008192802610302538,0.0037359895271627925,0.003640278936658998,0.0044568130831397455,0.00455252367364354,12,2026-08-30,1
2026-08-30 13:00:00-03:00,0.007125698959593121,0.00500903720918691,0.008192802610302538,0.002116661750406211,0.0010671036507094176,13,2026-08-30,0
2026-08-30 14:00:00-03:00,0.005136728271388962,0.0063243141366361,0.007125698959593121,0.0011875858652471384,0.001988970688204159,14,2026-08-30,1
2026-08-30 15:00:00-03:00,0.004057756131113921,0.0035127227230338765,0.005136728271388962,0.0005450334080800445,0.0010789721402750408,15,2026-08-30,1
2026-08-30 16:00:00-03:00,0.006275785704170985,0.004083249063621223,0.004057756131113921,0.0021925366405497627,0.0022180295730570643,16,2026-08-30,1
2026-08-30 17:00:00-03:00,0.00640725719298688,0.0037246400138042073,0.006275785704170985,0.002682617179182673,0.00013147148881589507,17,2026-08-30,0
2026-08-30 18:00:00-03:00,0.0066817976228867385,0.006818091978516788,0.00640725719298688,0.0001362943556300492,0.0002745404298998581,18,2026-08-30,1
2026-08-30 19:00:00-03:00,0.018717334775108778,0.007998628073341518,0.0066817976228867385,0.01071870670176726,0.01203553715222204,19,2026-08-30,1
2026-08-30 20:00:00-03:00,0.009616608482949896,0.0078105745230715225,0.018717334775108778,0.0018060339598783733,0.009100726292158882,20,2026-08-30,1
2026-08-30 21:00:00-03:00,0.0055119116280662895,0.007656801422725781,0.009616608482949896,0.0021448897946594915,0.004104696854883606,21,2026-08-30,1
2026-08-30 22:00:00-03:00,0.007847795111623913,0.008459845246882647,0.0055119116280662895,0.0006120501352587342,0.002335883483557623,22,2026-08-30,1
2026-08-30 23:00:00-03:00,0.006147379435163859,0.0051931323473659715,0.007847795111623913,0.0009542470877978871,0.001700415676460054,23,2026-08-30,1
2026-08-31 00:00:00-03:00,0.004002183994437068,0.004425457684891357,0.006147379435163859,0.0004232736904542893,0.002145195440726791,0,2026-08-31,1
